Open,High,Low,Close,Volume,ret5,ma5,ret20,ma20,ret60,ma60,ret120,ma120,ma20_slope,rsi14,volume_ma20,volume_ratio,ma20_deviation,symbol,date,benchmark_ret20,benchmark_ret60,market_regime,rs20_rank_pct,rs60_rank_pct,period_date,as_of_date,revenue,gross_profit,operating_income,pretax_income,tax_expense,net_income_parent,eps,current_assets,current_liabilities,assets,liabilities,equity,cash,short_borrowings,long_borrowings,bonds_payable,tax_rate,nopat,invested_capital_proxy,roic_proxy,roe,roa,debt_to_equity,gross_margin,operating_margin,net_margin,revenue_growth,pe,pb,eva_like_score,fundamental_score,fundamental_pass,technical_score,score,final_score,fundamental_rank,pass_market,pass_score,pass_rs20,pass_rs60,pass_close_ma20,pass_ma20_ma60,pass_ma20_slope,pass_rsi,pass_ret20_benchmark,pass_ret60_benchmark,pass_ret5_cap,pass_ret20_cap,pass_volume_ratio,pass_ma20_deviation,pass_fundamental_score,pass_fundamental_filter,pass_fundamental_universe,entry_pass_count,entry_all_pass,close_ma60_ratio,close_ma120_ratio,above_ma120,turnover20,liquidity_rank,price_bucket,eva_rank_bucket,forward_60d_return,forward_60d_max_drawdown,reward_60,fwd60_rank_label,top_quantile_60,reg_forward60,reg_reward60,cls_topq60,rank_forward60,ensemble_score,ranker_score,stable_ensemble_score,fundamental_rank_score,fundamental_score_rank,final_score_rank,stable_ml_rank,fund_ml_85_15,fund_final_ml,name
62.09999847412109,63.70000076293945,61.70000076293945,62.400001525878906,18746573.0,-0.0644677004363282,63.5,0.0985915909161581,63.3149995803833,0.1558171083095632,59.96773764292399,0.3275455011663448,54.08644116719564,0.0203045692924287,47.904201328245264,32760316.3,0.5722341881051984,-0.0144515211335148,1301.TW,2026-09-16,0.0368574501260701,-0.0023331777549215,bull,0.1010289990645463,0.0767072029934518,2026-03-31,2026-05-15,41985122000.0,1555468000.0,-1301844000.0,3378716000.0,110089000.0,3268627000.0,0.51,175217601000.0,95826345000.0,593528010000.0,203311522000.0,390216488000.0,10197694000.0,31910508000.0,18393084000.0,43127284000.0,0.0325830877765399,-1259425902.676638,497701665000.0,-0.0025304836034186,0.008376445128582,0.0055071149885579,0.521022376686451,0.0370480762209051,-0.0310072696704323,0.0778520305359598,-0.110526237291801,,,17.23451320303393,17.23451320303393,False,70.05144995322732,70.05144995322732,56.847215765678975,899.0,True,False,True,True,False,True,True,False,True,True,True,True,False,True,False,False,False,10,False,0.0405595404888834,0.1537087702439847,1.0,2044243787.108276,0.0682881197380729,1.0,3.0,,,,,,-0.0014161738747781,-0.0900255656154014,0.2185377591207536,-1.7762942211310309,0.405,-1.7762942211310309,0.3754922694148884,-899.0,0.1875,0.1625,0.275,0.200625,0.1975,台塑
222.5,232.0,222.5,224.0,47903394.0,-0.0528541226215645,231.6,0.1946666666666667,221.125,0.4358974358974359,195.6168469746908,1.9946522842385892,145.57175674438477,0.040833137208755,48.32535885167464,87641924.85,0.5465808068682554,0.0130016958733747,1303.TW,2026-09-16,0.0368574501260701,-0.0023331777549215,bull,0.0430308699719363,0.0187090739008419,2026-03-31,2026-05-15,68596393000.0,8188671000.0,3741833000.0,16080166000.0,1405348000.0,14254717000.0,1.8,193418745000.0,131197270000.0,647743623000.0,247168932000.0,400574691000.0,42831248000.0,24400300000.0,40333444000.0,51357530000.0,0.0873963614554725,3414810410.6259847,516546353000.0,0.0066108499088096,0.0355856655956329,0.0220067268805825,0.6170358176722652,0.1193746586646327,0.054548538725644,0.207805634911445,0.046448302712712,,,40.56631725411971,40.56631725411971,False,74.32482170943543,74.32482170943543,65.8851955956065,494.0,True,False,True,True,True,True,True,False,True,True,True,True,False,True,False,False,False,11,False,0.1450956472526188,0.5387600246751882,1.0,19631791166.4,0.0074836295603367,2.0,3.0,,,,,,-0.1421821968533388,-0.2691840463020807,0.1151078328331471,-1.7066324186527937,0.080625,-1.7066324186527937,0.0619326982062489,-494.0,0.575,0.5,0.025,0.4924999999999999,0.4425,南亞
66.0,66.19999694824219,65.5999984741211,66.19999694824219,31914.0,0.0015128362546066,66.18000183105468,0.0389512454322695,65.52060356140137,0.0626002850552467,64.31095536549886,0.0871826960231785,63.016897169748944,0.0078873230642803,68.96548095414735,41742.15,0.7645509395179693,0.0103691564166397,1315.TW,2026-09-16,0.0368574501260701,-0.0023331777549215,bull,0.2039289055191768,0.1534144059869036,2026-03-31,2026-05-15,400564000.0,44047000.0,-40608000.0,22670000.0,8119000.0,13937000.0,0.15,7354156000.0,780905000.0,11315299000.0,994940000.0,10320359000.0,2244943000.0,109175000.0,,,0.3581385090427878,-26064711.42479048,10534394000.0,-0.0024742487726195,0.0013504375186948,0.001231695247293,0.0964055610856172,0.1099624529413526,-0.1013770583477297,0.0347934412478405,-0.2598363215400335,,,15.52001612125422,15.52001612125422,False,67.06033465930837,67.06033465930837,54.17525502479484,942.0,True,False,True,True,True,True,True,True,True,True,True,True,False,True,False,False,False,12,False,0.0293735580820924,0.0505118455756226,1.0,2763330.202613068,0.7839101964452759,1.0,3.0,,,,,,0.0069747011857638,-0.0170358834135081,0.1956451763922226,-1.5467337133690893,0.5599999999999999,-1.5467337133690893,0.4738659441783744,-942.0,0.15,0.075,0.475,0.1987499999999999,0.1925,達新
15.5,15.699999809265137,15.399999618530272,15.550000190734863,176434.0,0.0064725166798873,15.44000015258789,0.1107142993382044,15.332500076293943,0.3290598670284543,14.005562607447306,0.3581809054024598,12.802738213539124,0.0247284897197048,50.0,154732.9,1.1402487770861918,0.0141855609560506,1459.TW,2026-09-16,0.0368574501260701,-0.0023331777549215,bull,0.0916744621141253,0.0280636108512628,2026-03-31,2026-05-15,231160000.0,43640000.0,24305000.0,20991000.0,11327000.0,10929000.0,0.03,2303265000.0,1144782000.0,4781139000.0,1238615000.0,3542524000.0,1064701000.0,969808000.0,0.0,,0.4,14583000.0,3636357000.0,0.0040103323188564,0.0030850884849333,0.0022858569893073,0.3496419502027368,0.1887869873680567,0.1051436234642671,0.0472789409932514,-0.1821658664987316,,,27.476121095005883,27.476121095005883,False,73.89904575401715,73.89904575401715,62.293314589264334,715.0,True,False,True,True,True,True,True,True,True,True,True,True,True,True,False,False,False,13,False,0.1102731555008236,0.2145839375431781,1.0,2406096.6245129583,0.7979420018709074,0.0,3.0,,,,,,0.0351993467181201,0.0086596989118104,0.2713039441548395,-1.2567479214933606,0.773125,-1.2567479214933606,0.7596949593712017,-715.0,0.35,0.3375,0.825,0.4212499999999999,0.44125,聯發
108.5,109.5,108.0,109.5,106635.0,0.0186046511627906,108.0,0.0982949182721171,105.0,0.2072767771148436,96.26386744181316,0.1723768545085104,93.86860014597576,0.0234915706624294,75.86206896551724,144161.15,0.739693044901487,0.0428571428571429,1558.TW,2026-09-16,0.0368574501260701,-0.0023331777549215,bull,0.1028999064546305,0.0533208606173994,2026-03-31,2026-05-15,1926175000.0,466203000.0,115500000.0,190949000.0,37396000.0,79533000.0,1.23,7337752000.0,2436771000.0,13553818000.0,4826378000.0,8727440000.0,2321376000.0,528924000.0,448585000.0,1225737000.0,0.1958428690383296,92880148.62607291,11117047000.0,0.0083547500182443,0.0091129815845196,0.0058679406791503,0.5530118797723044,0.2420356405830207,0.0599633989642685,0.0412906407777071,-0.0577927547617254,,,30.82891502090822,30.82891502090822,False,74.15140986235468,74.15140986235468,63.32078615199307,660.0,True,False,True,True,True,True,True,False,True,True,True,True,False,True,False,False,False,11,False,0.1374984499369658,0.1665242672173201,1.0,15785645.925,0.5472404115996258,2.0,3.0,,,,,,0.0067412982384717,-0.0381801555199367,0.2633477675105299,-1.462217894866028,0.630625,-1.462217894866028,0.5852457722095403,-660.0,0.4,0.425,0.5875,0.428125,0.445,伸興
35.95000076293945,39.04999923706055,35.900001525878906,39.04999923706055,19454371.0,0.0969101379441739,36.41999969482422,0.2358826139316723,34.56241598129272,0.8333333631822959,28.82047713597616,1.1634349522232923,24.01648858388265,0.0390358102289933,64.46077491814765,14848346.7,1.3102045226355066,0.129839975833772,1709.TW,2026-09-16,0.0368574501260701,-0.0023331777549215,bull,0.0252572497661365,0.0046772684752104,2026-03-31,2026-05-15,2424471000.0,492933000.0,320616000.0,344786000.0,79982000.0,264726000.0,0.55,5694389000.0,2189161000.0,12130526000.0,3134319000.0,8996207000.0,600735000.0,285000000.0,20699000.0,,0.2319757762786192,246240854.51265424,9941365000.0,0.0247693203612033,0.0294264015934715,0.021823126218929,0.34840449980753,0.2033156923716555,0.1322416312671919,0.1091891798252072,-0.0753599255550004,,,52.52750676874495,52.52750676874495,False,92.86508301915636,92.86508301915636,82.7806889565535,325.0,True,True,True,True,True,True,True,True,True,True,True,True,True,True,False,False,False,14,False,0.3549393735857007,0.6259662231916288,1.0,579827927.3066105,0.1524789522918615,1.0,3.0,,,,,,0.0238503720620443,-0.0594160839710602,0.2916336322870562,-1.1642262232041274,0.6868750000000001,-1.1642262232041274,0.5860669707372606,-325.0,0.6875,0.9625,0.6,0.674375,0.7525000000000001,和益
15.699999809265137,16.100000381469727,15.699999809265137,15.699999809265137,3048846.0,-0.0308642549460962,15.879999732971193,0.0536912893433869,15.890000057220458,0.1376811298746145,15.651666593551637,0.0827586075355266,14.59166661898295,0.0142013685115253,48.33332803514605,5071374.6,0.6011872993961046,-0.011957221351235,1710.TW,2026-09-16,0.0368574501260701,-0.0023331777549215,bull,0.1608980355472404,0.0935453695042095,2026-03-31,2026-05-15,5345825000.0,88577000.0,-176669000.0,-219291000.0,-8101000.0,-127331000.0,-0.15,7085020000.0,12457768000.0,36888664000.0,23663579000.0,13225085000.0,2362413000.0,9628981000.0,8250000000.0,,0.0369417805564295,-170142532.57087615,24430896000.0,-0.0069642362920654,-0.0096279910488287,-0.0034517650191939,1.7892950404477552,0.0165693789078392,-0.0330480328106513,-0.0238187744641846,-0.1284074295508901,,,6.405846346837272,6.405846346837272,False,67.83442469597755,67.83442469597755,52.47728010869248,1054.0,True,False,True,True,False,True,True,False,True,True,True,True,False,True,False,False,False,10,False,0.0030880555386616,0.0759565866753224,1.0,79620580.25271206,0.3405051449953227,0.0,3.0,,,,,,0.0441941264669768,-0.0018628656110249,0.2420080381719278,-1.6897599876902292,0.68375,-1.6897599876902292,0.6456956035108209,-1054.0,0.0625,0.0375,0.675,0.154375,0.1775,東聯
91.5,98.6999969482422,90.9000015258789,95.5999984741211,8775158.0,0.0493962686649036,90.77999877929688,0.0312837283856446,92.6199993133545,0.0080340353232724,85.79567419687906,0.9724661889746538,81.68452612559001,0.0209435627687478,48.09383750869214,4751655.25,1.846758137598472,0.0321744675324882,1727.TW,2026-09-16,0.0368574501260701,-0.0023331777549215,bull,0.2319925163704396,0.2609915809167446,2026-03-31,2026-05-15,519337000.0,93230000.0,43151000.0,41099000.0,5200000.0,,0.28,1123188000.0,1095199000.0,3624612000.0,1513893000.0,2110719000.0,149557000.0,500000000.0,406375000.0,,0.1265237597021825,37691373.24509112,2529413000.0,0.014901233307922,,,0.7172404284985353,0.1795173461548089,0.0830886303113392,,0.1494054192828735,,,48.38391394144922,48.38391394144922,False,67.14032280035495,67.14032280035495,62.45122058562852,386.0,True,False,True,True,True,True,True,False,False,True,True,True,True,True,False,False,False,11,False,0.1142752751699767,0.1703562842139285,1.0,454258234.6495495,0.1683816651075771,1.0,3.0,,,,,,-0.0492848271377246,-0.1356202579303233,0.2345106702010629,-1.6486276965161142,0.3143749999999999,-1.6486276965161142,0.4411384782608695,-386.0,0.6,0.35,0.3875,0.568125,0.4825,中華化
22.5,22.700000762939453,22.350000381469727,22.700000762939453,1747844.0,-0.0421940914687115,23.05000038146973,0.0558139889739279,23.027500057220458,0.1761658891338244,19.97583328882853,0.435405828334753,18.421657880147297,0.0223085529285415,47.05883012923599,2868235.9,0.6093794446963027,-0.0142220950371169,2030.TW,2026-09-16,0.0368574501260701,-0.0023331777549215,bull,0.1590271281571562,0.0636108512628624,2026-03-31,2026-05-15,2637279000.0,397354000.0,208556000.0,212139000.0,43592000.0,168547000.0,0.61,6688220000.0,4584464000.0,12076498000.0,7059382000.0,5017116000.0,1408221000.0,3147626000.0,2063078000.0,,0.2054879112280156,165700263.18592998,7492034000.0,0.0221168594784713,0.0335943996511143,0.0139566122563014,1.4070597530533475,0.1506681697309992,0.0790799911575529,0.0639094308944939,-0.0137930957114074,,,38.807934191914576,38.807934191914576,False,68.63891487371376,68.63891487371376,61.18116970326396,536.0,True,False,True,True,False,True,True,False,True,True,True,True,False,True,False,False,False,10,False,0.1363731582418845,0.2322452686195444,1.0,65108957.11829033,0.3657623947614593,0.0,3.0,,,,,,0.0446877685953468,-0.005343616969526,0.2876705909680253,-0.4198951516833272,0.844375,-0.4198951516833272,0.8726110982702597,-536.0,0.55,0.2875,0.95,0.61,0.55125,彰源
26.0,28.049999237060547,25.799999237060547,28.049999237060547,1178267.0,0.0274725282402885,27.239999771118164,0.2466666327582465,25.164999866485594,0.6846846774604656,19.57249995867411,0.80385844971073,17.66958327293396,0.0556895591603815,64.77987451562029,1441087.8,0.8176233259347556,0.1146433294608182,2033.TW,2026-09-16,0.0368574501260701,-0.0023331777549215,bull,0.0243217960710944,0.0084190832553788,2026-03-31,2026-05-15,175517000.0,27282000.0,8642000.0,9338000.0,1877000.0,,0.09,382129000.0,130958000.0,1213456000.0,149464000.0,1063992000.0,47710000.0,72000000.0,,,0.2010066395373741,6904900.621118012,1082498000.0,0.0063786728669411,,,0.140474740411582,0.1554379347869437,0.0492373958078134,,-0.0245478897818088,,,33.37842346640696,33.37842346640696,False,89.41361925197279,89.41361925197279,75.40482030558132,613.0,True,True,True,True,True,True,True,True,True,True,True,True,True,True,False,False,False,14,False,0.4331331866795784,0.5874737283718046,1.0,40422511.69053727,0.4162768942937324,0.0,3.0,,,,,,-0.0343960754983612,-0.1097698677645447,0.1794566478601801,-1.791734253587004,0.2518749999999999,-1.791734253587004,0.2175402104605003,-613.0,0.4625,0.7875,0.125,0.411875,0.4925,佳大
20.450000762939453,20.700000762939453,20.350000381469727,20.700000762939453,686568.0,-0.0024096017860504,20.43000030517578,0.0481013044526306,20.55250024795532,0.0147059387264236,19.907158756256106,0.0097561347775343,20.205662679672244,0.0066119815235813,57.4468033299813,1148243.35,0.5979290017225006,0.0071767674591709,2034.TW,2026-09-16,0.0368574501260701,-0.0023331777549215,bull,0.1777362020579981,0.2441534144059869,2026-03-31,2026-05-15,2833548000.0,238436000.0,35902000.0,-13678000.0,-15456000.0,1778000.0,0.0,10115642000.0,9094633000.0,22657796000.0,13057364000.0,9600432000.0,611722000.0,7049733000.0,1733334000.0,1869816000.0,0.4,21541200.0,13563163000.0,0.0015882136047469,0.0001851999993333,7.847188667423786e-05,1.3600808796937471,0.084147506941827,0.0126703341535064,0.0006274818707853,-0.2200071185015801,,,9.314478880448952,9.314478880448952,False,70.21414623302053,70.21414623302053,54.98922939487763,1033.0,True,False,True,True,True,True,True,True,True,True,True,True,False,True,False,False,False,12,False,0.0398269796504329,0.0244653239591361,1.0,23768638.22104016,0.4864359214218896,0.0,3.0,,,,,,0.0348419371930193,-0.0207342987526426,0.2338496032089159,-1.6555624202245791,0.629375,-1.6555624202245791,0.7038539986488237,-1033.0,0.0875,0.1,0.7375,0.185,0.22125,允強
23.0,23.75,23.0,23.64999961853028,954261.0,0.0150214760914251,23.59999961853028,0.1914357261477892,21.804999828338627,0.2579787541644627,19.756666723887125,0.3166659923742305,19.03063085873922,0.0443007571082457,59.57446247271885,1197421.3,0.796930036237037,0.0846136117732876,2069.TW,2026-09-16,0.0368574501260701,-0.0023331777549215,bull,0.0449017773620205,0.0430308699719363,2026-03-31,2026-05-15,2302863000.0,277674000.0,137979000.0,128564000.0,22373000.0,106191000.0,0.64,4252225000.0,3913450000.0,9681868000.0,5325210000.0,4356658000.0,267712000.0,2834868000.0,1356137000.0,,0.174022276842662,113967580.26352634,5768418000.0,0.019757163968271,0.0243744172712202,0.0109680280706161,1.2223153619127325,0.1205777330218949,0.0599162868134144,0.0461125998376803,-0.1384973197554728,,,30.045180578249248,30.045180578249248,False,88.04437865841366,88.04437865841366,73.54457913837255,675.0,True,True,True,True,True,True,True,True,True,True,True,True,False,True,False,False,False,13,False,0.1970642593234541,0.2427333488878935,1.0,28319013.28822003,0.461178671655753,0.0,3.0,,,,,,0.0479463478233047,0.0050805577632928,0.3325117514406223,-1.1583378239202695,0.861875,-1.1583378239202695,0.8542252825399377,-675.0,0.3875,0.7625,0.925,0.468125,0.6075,運錩
29.75,30.049999237060547,29.64999961853028,29.850000381469727,2274245.0,-0.0213114629026318,30.020000076293947,0.056795296348417,29.90071144104004,0.0894160874835392,28.586029211680096,0.0455341919141509,27.98968133926392,0.0155426521865717,58.333337748491694,4526075.55,0.5024761462499229,-0.001695981704994,2201.TW,2026-09-16,0.0368574501260701,-0.0023331777549215,bull,0.1580916744621141,0.1197380729653882,2026-03-31,2026-05-15,16975232000.0,5600166000.0,1529772000.0,1410701000.0,356383000.0,363664000.0,0.35,258394518000.0,257093889000.0,369722615000.0,273701167000.0,96021448000.0,11770568000.0,38309974000.0,7312596000.0,1700000000.0,0.2526283032336406,1143308295.3056672,112628726000.0,0.0101511251694853,0.0037873205161413,0.0009836130797679,2.850416992253648,0.3299021774783402,0.0901178846922386,0.0214232123602198,-0.0348376488341026,,,22.837441404461494,22.837441404461494,False,74.30083988477043,74.30083988477043,61.43499026469319,807.0,True,False,True,True,False,True,True,True,True,True,True,True,False,True,False,False,False,11,False,0.0442163953737646,0.0664644595148054,1.0,135103356.8940608,0.2815715622076707,0.0,3.0,,,,,,0.0343490287130461,-0.0164164197534485,0.2226179780525495,-1.0596155449213778,0.7068749999999999,-1.0596155449213778,0.6905772719344148,-807.0,0.2875,0.3,0.725,0.3531249999999999,0.37875,裕隆
535.0,535.0,516.0,520.0,661960.0,-0.0188679245283018,529.2,0.0276679841897233,524.75,0.0890052356020942,506.05,0.0693318295185076,486.0367317199707,0.0071976967370441,45.67901234567901,238915.3,2.7706890266131974,-0.0090519294902334,2207.TW,2026-09-16,0.0368574501260701,-0.0023331777549215,bull,0.2507015902712816,0.1216089803554724,2026-03-31,2026-05-15,71331231000.0,,,,1278339000.0,4429572000.0,7.95,371776395000.0,39724833000.0,525151865000.0,369092964000.0,116334068000.0,33821612000.0,111314642000.0,1403494000.0,,,,485427032000.0,,0.0380763096842792,0.0084348400819256,3.1726988520679944,,,0.0620986339069348,-0.0236719001813244,,,23.69838641660918,23.69838641660918,False,64.43872778297475,64.43872778297475,54.25364244138336,785.0,True,False,True,True,False,True,True,False,False,True,True,True,True,True,False,False,False,10,False,0.0275664460033593,0.0698779867106775,1.0,124235956.0,0.2927970065481758,3.0,3.0,,,,,,0.0155641854969254,-0.0414567121944743,0.210396009233407,-0.7325668082303537,0.6475,-0.7325668082303537,0.6675438835759747,-785.0,0.325,0.0875,0.7,0.38125,0.32875,和泰車
254.0,256.0,231.0,236.0,11687455.0,-0.0063157894736841,242.8,0.2756756756756757,226.375,0.0850574712643679,195.3535929361979,1.3790323312523234,180.67762978871664,0.0809358959054553,48.1651376146789,7522675.6,1.5536300674722705,0.0425179458862507,2351.TW,2026-09-16,0.0368574501260701,-0.0023331777549215,bull,0.0205799812909261,0.1262862488306828,2026-03-31,2026-05-15,2805040000.0,536428000.0,271819000.0,291916000.0,59272000.0,221741000.0,1.22,7664285000.0,3511531000.0,13387353000.0,5808485000.0,7578868000.0,1087862000.0,1177901000.0,596426000.0,1147119000.0,0.2030447114923471,216627589.5668617,9875822000.0,0.0219351452027853,0.0292577994497331,0.0165634685213723,0.7664053523560511,0.1912372016085332,0.0969037874682714,0.0790509226249893,0.1104464802119675,,,50.10730286570861,50.10730286570861,False,79.38219039329496,79.38219039329496,72.06346851139837,360.0,True,True,True,True,True,True,True,False,True,True,True,True,True,True,False,False,False,13,False,0.2080658279834,0.3061938009480034,1.0,1775351441.6,0.0739008419083255,2.0,3.0,,,,,,-0.01626381924193,-0.1296731557168978,0.3012610609058105,-1.276440648936521,0.5018750000000001,-1.276440648936521,0.4680222220747583,-360.0,0.6625,0.7125,0.45,0.630625,0.6349999999999999,順德
65.0,66.0,64.80000305175781,65.19999694824219,6142768.0,0.01085266586422,65.03999786376953,0.0723683843156963,63.8649995803833,0.1556557514938785,59.38890914916992,0.2718791488483927,57.12617505391439,0.0138910847067121,53.44825885240662,11840469.3,0.5187943015062756,0.0209034271765491,2354.TW,2026-09-16,0.0368574501260701,-0.0023331777549215,bull,0.137511693171188,0.078578110383536,2026-03-31,2026-05-15,25274831000.0,1224398000.0,373042000.0,939869000.0,285306000.0,663384000.0,0.47,119608118000.0,42954189000.0,150753789000.0,44332160000.0,106421629000.0,18348663000.0,13096824000.0,,,0.3035593258209388,259801621.9771053,107799600000.0,0.0024100425416894,0.0062335448746043,0.0044004466116602,0.4165709585219749,0.0484433704027536,0.0147594260867659,0.0262468223823138,-0.1575198993297046,,,17.738249987351253,17.738249987351253,False,72.2613252126624,72.2613252126624,58.63055640633461,888.0,True,False,True,True,True,True,True,True,True,True,True,True,False,True,False,False,False,12,False,0.0978480305889486,0.1413331434619578,1.0,771998562.2257553,0.128157156220767,1.0,3.0,,,,,,-0.0245877015636794,-0.0751945125216348,0.17242615517581,-1.789103441741502,0.2875,-1.789103441741502,0.2596156412025977,-888.0,0.2125,0.1875,0.175,0.2068749999999999,0.1974999999999999,鴻準
928.0,947.0,925.0,939.0,2545259.0,-0.0408580183861082,942.8,0.0151351351351352,963.05,0.295637073505955,828.1646667480469,0.7403069246215364,732.5464981079101,0.0004155196592738,45.33762057877814,3192976.75,0.7971429795096379,-0.0249727428482424,2357.TW,2026-09-16,0.0368574501260701,-0.0023331777549215,bull,0.3012160898035547,0.0318054256314312,2026-03-31,2026-05-15,208369726000.0,30970538000.0,11895859000.0,13859608000.0,2702804000.0,9797017000.0,13.19,485857648000.0,327627459000.0,671441698000.0,354711686000.0,316730012000.0,57955263000.0,41417377000.0,275376000.0,,0.1950130191272365,9576011621.29809,343814239000.0,0.0278522833991703,0.0309317608967223,0.0145910166574134,1.1199181402487366,0.1486326185407567,0.0570901504184921,0.0470174683629425,0.4108280576281871,,,51.58078089609261,51.58078089609261,False,65.16838166510757,65.16838166510757,61.77148147285384,339.0,True,False,True,True,False,True,True,False,False,True,True,True,False,True,False,False,False,9,False,0.1338324824785994,0.2818298939730617,1.0,2998205168.25,0.0551917680074836,3.0,3.0,,,,,,0.0659450559370096,-0.0442158424223833,0.3256399482107087,-0.2973587376770335,0.8775000000000001,-0.2973587376770335,0.8796293763707558,-339.0,0.675,0.325,0.9625,0.718125,0.6275000000000001,華碩
149.0,153.5,148.5,153.5,6211448.0,-0.0191693290734824,150.0,0.0787069339989297,149.95,0.1498127340823969,147.15320841471353,0.6923925596998037,129.56910413106283,0.0003681730162654,57.39130434782609,9902785.2,0.6272425256684352,0.023674558186062,2377.TW,2026-09-16,0.0368574501260701,-0.0023331777549215,bull,0.1309635173058933,0.0832553788587465,2026-03-31,2026-05-15,56256838000.0,8440506000.0,3876357000.0,4133431000.0,716617000.0,3416814000.0,4.04,106512512000.0,56814984000.0,119099762000.0,64185562000.0,54914200000.0,25875075000.0,0.0,6305082000.0,,0.1733709840565864,3204309172.355363,62284778000.0,0.0514461040923251,0.0622209555998266,0.0286886719387398,1.1688335985956273,0.1500352010541367,0.0689046369794192,0.0607359766647389,0.0507372103469625,,,60.05362798212559,60.05362798212559,False,76.95292802244425,76.95292802244425,72.72810301236458,260.0,True,True,True,True,True,True,True,True,True,True,True,True,False,True,True,False,False,13,False,0.0431305008817726,0.1846960047260215,1.0,1520077528.1999998,0.0813844714686623,2.0,3.0,,,,,,0.0094364118460379,-0.0516288580901415,0.2448727252994651,-0.9701524636625856,0.6612499999999999,-0.9701524636625856,0.6749532392894462,-260.0,0.7375,0.7375,0.7125,0.7337500000000001,0.7325000000000002,微星
50.400001525878906,53.0,50.400001525878906,53.0,6866515.0,0.0495049504950495,50.54000015258789,0.221230208870705,45.917528343200686,0.0251450525701431,44.225762812296544,-0.0484739807173562,47.38663132985433,0.0382436520852271,69.07217694920931,3590161.4,1.9125922862409472,0.1542433121369884,2413.TW,2026-09-16,0.0368574501260701,-0.0023331777549215,bull,0.0318054256314312,0.225444340505145,2026-03-31,2026-05-15,831399000.0,129516000.0,16288000.0,80206000.0,15195000.0,65063000.0,0.51,2884546000.0,1228472000.0,4310571000.0,2236173000.0,2074398000.0,830840000.0,100000000.0,989591000.0,,0.1894496671071989,13202243.822157942,3082099000.0,0.0042835236058796,0.0313647622105304,0.0150938239968672,1.0779864808971085,0.155780798389221,0.0195910748028323,0.0782572507303954,0.0187764374886652,,,31.00638209532873,31.00638209532873,False,81.83570750063244,81.83570750063244,69.1283761493065,656.0,True,True,True,True,True,True,True,True,True,True,True,True,True,False,False,False,False,13,False,0.198396514378806,0.1184589094563715,1.0,190278554.2,0.2413470533208606,1.0,3.0,,,,,,-0.0079868730856559,-0.0908530861837135,0.2193432528416581,-1.0808267969980083,0.48875,-1.0808267969980083,0.4526768140945882,-656.0,0.4125,0.6,0.425,0.4143749999999999,0.47125,環科
90.9000015258789,99.8000030517578,90.9000015258789,99.8000030517578,50837186.0,0.0030151060478169,95.42000122070311,0.4676471037023206,95.27000045776369,0.0696677361992599,75.64916642506917,1.9738127555356657,69.33584836324056,0.0754035523637432,52.55591426169091,55337975.95,0.9186672466288496,0.0475490980605424,2426.TW,2026-09-16,0.0368574501260701,-0.0023331777549215,bull,0.0046772684752104,0.1412535079513564,2026-03-31,2026-05-15,545147000.0,107038000.0,16725000.0,17730000.0,1096000.0,16634000.0,0.06,2649632000.0,798477000.0,4627612000.0,866690000.0,3760922000.0,615916000.0,52733000.0,0.0,,0.0618161308516638,15691125.211505923,3829135000.0,0.0040978250209266,0.004422851630531,0.0035945105164391,0.2304461512363191,0.1963470403395781,0.0306797982929375,0.0305128708403421,-0.0985551006369594,,,23.08242867683808,23.08242867683808,False,75.90845159832821,75.90845159832821,62.70194586795568,798.0,True,True,True,True,True,True,True,True,True,True,True,False,True,True,False,False,False,13,False,0.3192478882184397,0.4393709085222395,1.0,5522730168.6881,0.0346117867165575,1.0,3.0,,,,,,-0.1130266521658265,-0.2261965693202248,0.1485121700038213,-1.765335452538733,0.104375,-1.765335452538733,0.11263970036175,-798.0,0.3,0.3625,0.0625,0.264375,0.27125,鼎元
4435.0,4625.0,4435.0,4530.0,6376293.0,-0.0205405405405405,4565.0,0.1781534460338101,4248.75,0.0571761960326722,3992.375813802084,1.849056603773585,3593.1045735677085,0.0316882170824986,69.38775510204081,7230684.95,0.8818380338919344,0.0661959399823477,2454.TW,2026-09-16,0.0368574501260701,-0.0023331777549215,bull,0.0514499532273152,0.1608980355472404,2026-03-31,2026-05-15,149150510000.0,69055353000.0,22890845000.0,27019390000.0,2643006000.0,24153980000.0,15.17,378185472000.0,309807293000.0,738776057000.0,340329102000.0,398446955000.0,184514674000.0,16440000000.0,120000000.0,,0.0978188626760263,20651688576.4068,428968764000.0,0.0481426395335553,0.0606203151935243,0.0326945896136425,0.8541390459364911,0.4629910618475257,0.1534748020640358,0.1619436634846237,-0.0271454326245333,,,78.23114789730103,78.23114789730103,False,75.63065095520538,75.63065095520538,76.28077519072929,95.0,True,True,True,True,True,True,True,True,True,True,True,True,True,True,True,False,False,14,False,0.1346627199622065,0.2607481656182409,1.0,32755002823.5,0.0028063610851262,3.0,2.0,,,,,,0.0170982128557211,-0.0533560198043649,0.3114517263298728,1.1814421872609735,0.774375,1.1814421872609735,0.709013446181148,-95.0,0.925,0.8125,0.75,0.8987499999999999,0.8562500000000001,聯發科
515.0,534.0,506.0,515.0,19681019.0,-0.0337711069418386,523.4,0.2988650693568726,483.75,0.306038852433147,388.7563237508138,0.906240483211142,370.32494786580406,0.0687655343827672,66.53225806451613,11062487.2,1.7790772223447184,0.0645994832041343,2455.TW,2026-09-16,0.0368574501260701,-0.0023331777549215,bull,0.0168381665107577,0.0308699719363891,2026-03-31,2026-05-15,959310000.0,365431000.0,226651000.0,243595000.0,48510000.0,,1.06,2782788000.0,774487000.0,5394173000.0,1726948000.0,3667225000.0,1457261000.0,,0.0,948373000.0,0.1991420185143373,181515262.3617069,4619686000.0,0.0392916883012626,,,0.4709141108058545,0.3809310858846462,0.2362646068528421,,0.208712010009286,,,89.86861910837597,89.86861910837597,False,86.46713238205481,86.46713238205481,87.3175040636351,35.0,True,True,True,True,True,True,True,True,True,True,True,True,True,True,True,False,False,14,False,0.3247372930970154,0.3906705528967558,1.0,5697180908.0,0.0327408793264733,3.0,2.0,,,,,,0.0181403889923811,-0.0654277210597696,0.2875721320731641,-1.5659433623595127,0.6131249999999999,-1.5659433623595127,0.595896029845032,-35.0,0.975,1.0,0.6375,0.924375,0.915,全新
102.5,108.0,102.5,104.0,910886.0,0.0048309178743961,103.3,0.0505050505050506,101.62999954223632,0.7627118644067796,96.57666651407878,1.1073962151090466,74.32749993006388,0.0241862380506665,48.36601339781252,1659424.35,0.5489168578248234,0.02331989046973,2466.TW,2026-09-16,0.0368574501260701,-0.0023331777549215,bull,0.167446211412535,0.0074836295603367,2026-03-31,2026-05-15,158640000.0,11405000.0,-51413000.0,20961000.0,15743000.0,5218000.0,0.03,1081532000.0,970641000.0,4505403000.0,2468383000.0,2037020000.0,165962000.0,307514000.0,701925000.0,,0.4,-30847800.0,3534762000.0,-0.0087269807698509,0.0025615850605295,0.001158164985463,1.211761789280419,0.0718923348461926,-0.3240859808371155,0.0328920827029752,-0.2206720377284339,,,10.470510874095902,10.470510874095902,False,71.73284712442637,71.73284712442637,56.41726306184376,1023.0,True,False,True,True,True,True,True,False,True,True,True,True,False,True,False,False,False,11,False,0.0768646688052652,0.3992129440362655,1.0,172580132.4,0.2497661365762394,2.0,3.0,,,,,,-0.0105395614785176,-0.1418753745778262,0.2353761363956763,-1.5727351438378103,0.395625,-1.5727351438378103,0.5456272182786158,-1023.0,0.1,0.1375,0.55,0.1675,0.20125,冠西電
14.399999618530272,14.600000381469728,14.399999618530272,14.449999809265137,187118.0,-0.010274011526395,14.520000076293943,0.0321428435189383,14.280000114440918,0.0321428435189383,14.0475000222524,0.0284697233523205,13.61458336512248,0.0095440111289376,54.76190151811369,120412.1,1.5539800402119055,0.0119047404385035,2516.TW,2026-09-16,0.0368574501260701,-0.0023331777549215,bull,0.2273152478952292,0.206735266604303,2026-03-31,2026-05-15,1624343000.0,91613000.0,49137000.0,56516000.0,0.0,56516000.0,0.25,5501612000.0,4873771000.0,7116682000.0,5000833000.0,2115849000.0,1859804000.0,596780000.0,,,0.0,49137000.0,2242911000.0,0.0219076904968587,0.0267107907983981,0.0079413412036676,2.363511290266933,0.0564000337367169,0.0302503843092253,0.0347931440588594,-0.2679604746075582,,,20.556737993044667,20.556737993044667,False,71.68950240091417,71.68950240091417,58.90631129894679,841.0,True,False,True,True,True,True,True,True,False,True,True,True,True,True,False,False,False,12,False,0.0286527699857728,0.0613618809873248,1.0,1739954.8220332146,0.8400374181478016,0.0,3.0,,,,,,0.1212762925794521,0.0611833839218194,0.3422062682255484,-0.2239228337881586,0.975625,-0.2239228337881586,0.97661852433281,-841.0,0.25,0.2,1.0,0.3625,0.385,新建
74.9000015258789,77.5,74.5999984741211,76.0,5721890.0,-0.0464240538258112,76.33999938964844,0.0935251798561151,75.59999923706054,0.2377849855258957,67.5166664123535,0.3602804767897865,64.60454785029093,0.0293416781427012,54.27135042624943,10709980.7,0.5342577321357825,0.0052910154361929,2606.TW,2026-09-16,0.0368574501260701,-0.0023331777549215,bull,0.1103835360149672,0.0477081384471468,2026-03-31,2026-05-15,3891765000.0,1243986000.0,987897000.0,987799000.0,68000.0,987731000.0,1.17,29154469000.0,15158773000.0,89632874000.0,49048791000.0,40584083000.0,18437340000.0,5972000000.0,33795287000.0,,6.883991581283237e-05,987828993.2536882,74474101000.0,0.0132640606598754,0.0243378912860985,0.0110197403689186,1.2085721143434485,0.3196457134487822,0.2538429221702749,0.2538002680017935,0.1329549990000165,,,55.37983321173965,55.37983321173965,False,73.4604311072211,73.4604311072211,68.94028163335074,299.0,True,False,True,True,True,True,True,True,True,True,True,True,False,True,False,False,False,12,False,0.1256479923910209,0.1763877703488603,1.0,813958533.1999999,0.1234798877455566,1.0,3.0,,,,,,-0.0098407536917344,-0.0668403659685272,0.2016947051585977,-1.5852211526866058,0.42,-1.5852211526866058,0.4845072732468211,-299.0,0.7125,0.5875,0.4875,0.67875,0.63,裕民
58.79999923706055,61.20000076293945,58.70000076293945,60.20000076293945,41331885.0,0.0290598421015291,59.14000015258789,0.0203389959820246,59.214999771118165,0.1666667159521626,53.72741508483887,0.1444867397202973,52.45329071680705,0.0196297884734759,58.39415265740838,81045839.05,0.5099815793689411,0.0166343155556629,2609.TW,2026-09-16,0.0368574501260701,-0.0023331777549215,bull,0.2768942937324602,0.0673526660430308,2026-03-31,2026-05-15,38660500000.0,2823780000.0,748244000.0,1901061000.0,403937000.0,1435563000.0,0.41,211388001000.0,47890391000.0,460181224000.0,130409310000.0,329771914000.0,136009607000.0,1836000000.0,0.0,1398091000.0,0.2124797678769908,589257288.564649,412290833000.0,0.0014292272381536,0.0043531997088144,0.0031195601322491,0.3954530524391473,0.0730404417945965,0.019354224596164,0.0371325513120627,-0.1505117671934875,,,16.553971895296993,16.553971895296993,False,73.50016156370943,73.50016156370943,59.26361414660632,916.0,True,False,True,True,True,True,True,True,False,True,True,True,False,True,False,False,False,11,False,0.1204708186291854,0.1476877797421052,1.0,4878959572.643068,0.0402245088868101,1.0,3.0,,,,,,-0.0414311374938735,-0.1103325690706863,0.1457655212108189,-1.8198686871221552,0.18375,-1.8198686871221552,0.1340895367789765,-916.0,0.175,0.2125,0.0875,0.161875,0.1687499999999999,陽明
112.5,118.5,112.0,115.0,25765016.0,-0.0086206896551723,112.5,0.07981220657277,115.25,0.5142551114327603,94.27975832621256,0.5436241610738255,86.58232479095459,0.0328449178437929,52.45901639344261,38147035.6,0.6754133209763749,-0.002169197396963,2615.TW,2026-09-16,0.0368574501260701,-0.0023331777549215,bull,0.1272217025257249,0.0130963517305893,2026-03-31,2026-05-15,33640864000.0,7656632000.0,5825197000.0,9789626000.0,2113020000.0,7671518000.0,2.73,141008376000.0,35567443000.0,420232464000.0,133190864000.0,287041600000.0,99479800000.0,1000000000.0,42718782000.0,0.0,0.2158427707044171,4567870339.620942,384665021000.0,0.0118749303686256,0.0267261539790748,0.0182554149362434,0.4640124079575922,0.2275991484642011,0.1731583647792161,0.2280416460171772,-0.0929984351119866,,,48.73816272918027,48.73816272918027,False,71.36595834589976,71.36595834589976,65.70900944171989,383.0,True,False,True,True,False,True,True,True,True,True,True,True,False,True,False,False,False,11,False,0.2197740219283803,0.3282156638512237,1.0,4386909094.0,0.0449017773620205,2.0,3.0,,,,,,0.0254848611641345,-0.0235772217111769,0.3013271363977883,-1.485121319269329,0.73,-1.485121319269329,0.7476734263143839,-383.0,0.6125,0.4875,0.8125,0.6425,0.615,萬海
32.400001525878906,33.29999923706055,32.29999923706055,32.45000076293945,1546017.0,-0.0284431353155291,33.00000076293945,0.050161849952893,32.03750038146973,0.0871021892208669,30.0676251411438,0.0639344512439163,29.882979202270512,0.0282436076373269,58.91473418380322,2755925.3,0.5609792834370366,0.0128755482343532,2617.TW,2026-09-16,0.0368574501260701,-0.0023331777549215,bull,0.1683816651075771,0.1234798877455566,2026-03-31,2026-05-15,1083585000.0,454984000.0,420156000.0,372514000.0,74470000.0,298044000.0,0.71,3272834000.0,1957091000.0,26562212000.0,8269177000.0,18293035000.0,921024000.0,1017237000.0,5281631000.0,,0.1999119496180009,336161794.8962992,24605121000.0,0.013662269529026,0.0162927584187096,0.0112206016577233,0.452039642410349,0.4198876876294891,0.3877462312601226,0.2750536413848475,0.0574449605745959,,,59.57860740402141,59.57860740402141,False,75.61755318800013,75.61755318800013,71.60781674200545,268.0,True,True,True,True,True,True,True,True,True,True,True,True,False,True,False,False,False,13,False,0.0792339139061457,0.0859024645197992,1.0,89429778.08760414,0.3283442469597755,1.0,3.0,,,,,,-7.186245089572443e-05,-0.033031057432646,0.177751074110384,-1.811525891114262,0.423125,-1.811525891114262,0.3835193416831616,-268.0,0.725,0.6875,0.2875,0.6593749999999999,0.62625,台航
98.0,105.0,97.6999969482422,102.5,7196825.0,0.0199004975124377,100.38000030517578,0.1165576970864525,97.62499961853028,0.3540291166733016,86.96666666666667,0.5526813839293556,79.19381879170736,0.0336156739768813,66.12244707303822,8281684.85,0.8690049344246661,0.0499359836160695,2637.TW,2026-09-16,0.0368574501260701,-0.0023331777549215,bull,0.0869971936389148,0.0271281571562207,2026-03-31,2026-05-15,4338022000.0,1244039000.0,1197473000.0,1201283000.0,6082000.0,1195201000.0,1.6,8930959000.0,8128467000.0,84286573000.0,33874386000.0,50412187000.0,5975075000.0,2132536000.0,18694305000.0,992902000.0,0.0050629202277897,1191410289.726068,76158106000.0,0.0156439065032167,0.0237085726909645,0.0141802063775923,0.6719483524886551,0.2867756318432686,0.276041246448266,0.2755175054437253,0.2360516073148353,,,62.80204855376821,62.80204855376821,False,80.18160437100148,80.18160437100148,75.83671541669317,235.0,True,True,True,True,True,True,True,True,True,True,True,True,True,True,True,False,False,14,False,0.1786124952088923,0.2942929330077097,1.0,848872697.125,0.1169317118802619,2.0,3.0,,,,,,-0.0207692783758527,-0.1080735807983704,0.2206152131502956,-1.6342191498251477,0.3625,-1.6342191498251477,0.4011179356475608,-235.0,0.7625,0.8,0.3125,0.695,0.68375,慧洋-KY
17.350000381469727,17.399999618530273,17.100000381469727,17.299999237060547,3253088.0,0.0206488765998378,17.299999618530272,0.0646153376652645,16.83499994277954,0.0296064371473641,16.684166558583577,0.0847640589836693,16.437994011243184,0.015533095139211,69.44444150100082,2846394.15,1.1428803702396593,0.0276209857951583,2820.TW,2026-09-16,0.0368574501260701,-0.0023331777549215,bull,0.147801683816651,0.2104770813844714,2026-03-31,2026-05-15,,,,,160963000.0,,,,,264308740000.0,236433646000.0,27875094000.0,326912000.0,,,,,,264308740000.0,,,,8.48189591755278,,,,,,,0.0,0.0,False,69.41372824025923,69.41372824025923,52.06029618019443,1066.0,True,False,True,True,True,True,True,True,True,True,True,True,True,True,False,False,False,13,False,0.0369112041835939,0.0524398065376938,1.0,49242616.623373605,0.3882132834424696,0.0,3.0,,,,,,0.0518610928326612,-0.0469086951752827,0.1833249490121481,-0.7537429376050192,0.661875,-0.7537429376050192,0.6439291465378422,-1066.0,0.0375,0.025,0.6625,0.1312499999999999,0.15875,華票
12.300000190734863,12.300000190734863,12.199999809265137,12.25,1175252.0,-0.0080971966300318,12.260000038146972,0.0294117977049948,12.150000095367432,0.0,12.1882883866628,0.0082304843299925,12.1041442155838,0.0066280048523454,60.86955079511454,1425940.7,0.8241941617908796,0.0082304447611236,2836.TW,2026-09-16,0.0368574501260701,-0.0023331777549215,bull,0.2394761459307764,0.2895229186155285,2026-03-31,2026-05-15,,,,,96508000.0,,,,,352880627000.0,325850614000.0,27030013000.0,2536364000.0,,,,,,352880627000.0,,,,12.05514085398331,,,,,,,0.0,0.0,False,61.11856949246496,61.11856949246496,45.838927119348725,1067.0,True,False,True,True,True,False,True,True,False,True,True,True,True,True,False,False,False,11,False,0.0050631894634793,0.012050069944508,1.0,17467773.575,0.5350795135640786,0.0,3.0,,,,,,0.0686811575664666,-0.0178493596680864,0.2164117009324876,-0.6354142690123521,0.7775,-0.6354142690123521,0.7457980259311412,-1067.0,0.025,0.0125,0.8,0.14125,0.17625,高雄銀
16.100000381469727,16.200000762939453,15.600000381469728,16.0,180008.0,-0.0031152174104217,15.8,0.1387900201276186,15.027499961853028,0.0884353882722839,14.728290112813314,0.2260536219271134,14.244145043691,0.0255929023017431,71.99999491373701,226976.35,0.7930694100949284,0.0647146924382393,2849.TW,2026-09-16,0.0368574501260701,-0.0023331777549215,bull,0.0729653882132834,0.1225444340505145,2026-03-31,2026-05-15,,,,,36199000.0,,,,,398942212000.0,362433426000.0,36508786000.0,2706824000.0,,,,,,398942212000.0,,,,9.92729328222527,,,,,,,0.0,0.0,False,75.1403185388586,75.1403185388586,56.355238904143945,1068.0,True,True,True,True,True,True,True,True,True,True,True,True,False,True,False,False,False,13,False,0.0863447065101143,0.1232685395243642,1.0,3631621.6,0.7380729653882133,0.0,3.0,,,,,,0.0638908195291301,-0.0264751271659652,0.2903516047213793,-0.2016218066103061,0.865625,-0.2016218066103061,0.8575839239263152,-1068.0,0.0125,0.125,0.9375,0.15125,0.23125,安泰銀
46.5,46.650001525878906,45.70000076293945,46.34999847412109,3504311.0,0.0186812851455184,46.63000030517578,0.152985014787645,45.80500011444092,0.2747113549575772,39.63455041249593,0.6074255748486252,35.5871106783549,0.0433940800556017,53.29947744509257,4813076.7,0.7280812707597201,0.0118982285409567,2851.TW,2026-09-16,0.0368574501260701,-0.0023331777549215,bull,0.0598690364826941,0.0374181478016838,2026-03-31,2026-05-15,,,2142185000.0,2164691000.0,325242000.0,,,,,59204658000.0,35668047000.0,23536611000.0,16387176000.0,,,,0.1502486960032633,1820324497.152249,59204658000.0,0.0307463054199595,,,1.5154283256837613,,,,,,,65.92494981784269,65.92494981784269,False,74.70385808343745,74.70385808343745,72.50913101703875,200.0,True,False,True,True,True,True,True,True,True,True,True,True,False,True,True,False,False,12,False,0.1694341929385912,0.3024378093811501,1.0,223086097.70082775,0.225444340505145,1.0,3.0,,,,,,0.0047630527611404,-0.0405419982088377,0.2066744918715374,-1.461054459536709,0.550625,-1.461054459536709,0.49744175639453,-200.0,0.825,0.725,0.5125,0.778125,0.7325,中再保
51.5,52.0,51.0,51.59999847412109,4590173.0,-0.0095969292637956,51.92000045776367,0.1254089463764203,49.8125,0.0498473422620788,47.77333342234294,0.6573903811262829,43.688908688227336,0.0263212187567617,72.61902869695014,4182303.15,1.097522784784264,0.0358845364942752,2855.TW,2026-09-16,0.0368574501260701,-0.0023331777549215,bull,0.0804490177736202,0.1749298409728718,2026-03-31,2026-05-15,,,2098581000.0,2515780000.0,218397000.0,2291390000.0,,256323628000.0,220745648000.0,267670154000.0,225790103000.0,41880051000.0,8784022000.0,11858164000.0,4700000000.0,,0.0868108499153344,1916401399.773828,46924506000.0,0.0408400974913583,0.0547131616434755,0.0085604986800284,5.391352149977085,,,,,,,49.23161191360978,49.23161191360978,False,72.0163513568614,72.0163513568614,66.3201664960485,376.0,True,False,True,True,True,True,True,False,True,True,True,True,True,True,False,False,False,12,False,0.0801004405103638,0.1810777614599816,1.0,215806836.1583118,0.2291861552853134,1.0,3.0,,,,,,-0.0153768195228669,-0.1110484665758409,0.227419430392281,-1.5804481818237013,0.388125,-1.5804481818237013,0.429122454235845,-376.0,0.65,0.525,0.375,0.60875,0.5575000000000001,統一證
152.0,153.0,150.0,153.0,20757851.0,0.0408163265306122,151.0,0.1906614785992217,144.5,0.1761458527607793,132.35286343892415,0.785458470005586,115.33665237426756,0.040878804249955,70.9090909090909,20488173.05,1.0131626157853055,0.0588235294117647,2881.TW,2026-09-16,0.0368574501260701,-0.0023331777549215,bull,0.0458372310570626,0.0645463049579045,2026-03-31,2026-05-15,66193246000.0,,,38624861000.0,5062760000.0,33551455000.0,,,,13120104726000.0,12085399702000.0,1034705024000.0,358727505000.0,,,,0.131075164257549,,13120104726000.0,,0.0324261062058977,0.0025572551211051,11.68004351160858,,,0.5068712750542556,-0.3925800152621125,,,12.264204123597382,12.264204123597382,False,77.02287469353179,77.02287469353179,60.83320705104819,997.0,True,True,True,True,True,True,True,True,True,True,True,True,True,True,False,False,False,14,False,0.1560006789774044,0.3265514201289181,1.0,3134690476.65,0.0533208606173994,2.0,3.0,,,,,,-0.0709562482351228,-0.2031148837886021,0.2839783214611411,-1.2043657843121418,0.383125,-1.2043657843121418,0.4060002101360797,-997.0,0.1125,0.2625,0.3375,0.14625,0.2025,富邦金
110.5,112.5,109.5,112.5,27336772.0,0.0180995475113121,111.2,0.1444557121810616,108.15499992370606,0.0592532729917569,101.218333307902,0.6457324695886706,91.05146446228028,0.0282359659704559,67.85714285714286,22845918.45,1.1965713726864853,0.0401738253373302,2882.TW,2026-09-16,0.0368574501260701,-0.0023331777549215,bull,0.0673526660430308,0.157156220767072,2026-03-31,2026-05-15,72538053000.0,,,38391738000.0,6735806000.0,31593811000.0,,,,14450034484000.0,13633007653000.0,817026831000.0,293505959000.0,,,,0.1754493636104726,,14450034484000.0,,0.0386692453677815,0.0021864176888285,16.686119887046893,,,0.4355480977687669,-0.3173702053156907,,,13.906153918122188,13.906153918122188,False,76.41738043098289,76.41738043098289,60.78957380276771,974.0,True,True,True,True,True,True,True,True,True,True,True,True,True,True,False,False,False,14,False,0.1114587281118295,0.2355649704745295,1.0,2570165825.625,0.0608044901777362,2.0,3.0,,,,,,-0.035548176523453,-0.1409637050041296,0.2809357644454882,-0.960898406940519,0.475625,-0.960898406940519,0.4876358969513731,-974.0,0.1375,0.25,0.5,0.191875,0.24375,國泰金
69.0,69.4000015258789,68.19999694824219,69.4000015258789,14035527.0,-0.0043040952008369,69.64000091552734,0.1104000244140626,66.8349998474121,0.0499244043560727,66.07019011179607,0.5070576042491337,60.864678382873535,0.0167249345657634,73.84614978316387,20131081.1,0.6972068181673561,0.0383781205105533,2885.TW,2026-09-16,0.0368574501260701,-0.0023331777549215,bull,0.0926099158091674,0.1739943872778297,2026-03-31,2026-05-15,39984934000.0,,,18723853000.0,3129395000.0,14409154000.0,,,,4640879682000.0,4254342700000.0,386536982000.0,77947312000.0,,,,0.167134136334012,,4640879682000.0,,0.0372775560192064,0.0031048324859373,11.00630184979299,,,0.360364581319554,0.2805185364050884,,,38.0190051862678,38.0190051862678,False,71.07001955299202,71.07001955299202,62.80726596131097,552.0,True,False,True,True,True,True,True,False,True,True,True,True,False,True,False,False,False,11,False,0.0503980904012615,0.1402344244606588,1.0,1397097059.0575922,0.0879326473339569,1.0,3.0,,,,,,-0.0916810549334573,-0.2119233296401911,0.135521796779533,-2.0014822652792867,0.0681249999999999,-2.0014822652792867,0.0818765356078574,-552.0,0.525,0.375,0.0375,0.4518749999999999,0.3825,元大金
51.59999847412109,51.59999847412109,50.29999923706055,50.900001525878906,26415713.0,0.0119284751077348,51.36000061035156,0.081827892693902,49.10250015258789,0.1425365296872076,48.17149562835693,0.3017903711573755,44.40866451263428,0.0240354608531211,71.3004600903759,28077032.1,0.9408299604430056,0.0366071252523845,2886.TW,2026-09-16,0.0368574501260701,-0.0023331777549215,bull,0.1225444340505145,0.0916744621141253,2026-03-31,2026-05-15,20768442000.0,,,11219594000.0,1822242000.0,9397352000.0,,,,5003279677000.0,4601326283000.0,401953394000.0,108936088000.0,,,,0.1624160375143699,,5003279677000.0,,0.0233792079884763,0.0018782383969458,11.447412440557724,,,0.4524822805677961,0.1010590363542149,,,21.43739093265881,21.43739093265881,False,72.08239919666347,72.08239919666347,59.42114713066231,825.0,True,False,True,True,True,True,True,True,True,True,True,True,True,True,False,False,False,13,False,0.0566415026548563,0.146172758953331,1.0,1429120976.732151,0.0869971936389148,1.0,3.0,,,,,,-0.0903149965410232,-0.2013246180544916,0.1577309412981243,-1.8011626624054955,0.12,-1.8011626624054955,0.1094616697044233,-825.0,0.275,0.225,0.05,0.24125,0.215,兆豐金
16.899999618530273,17.350000381469727,16.799999237060547,17.299999237060547,19016227.0,0.0359280507012076,16.899999618530273,0.1125401302161002,16.047461128234865,0.1571905991824171,15.65082041422526,0.0646153376652645,15.273743549982706,0.0203465696479211,76.31399471996886,18078750.25,1.0518551745577658,0.0780521042435735,2889.TW,2026-09-16,0.0368574501260701,-0.0023331777549215,bull,0.0898035547240411,0.0748362956033676,2026-03-31,2026-05-15,2670617000.0,,,1318966000.0,191865000.0,897373000.0,,,,469578158000.0,414812209000.0,54765949000.0,15724281000.0,,,,0.1454662212672654,,469578158000.0,,0.0163856012063262,0.0019110194644104,7.57427227272187,,,0.3360171076571444,0.5571184687557942,,,31.713016597318976,31.713016597318976,False,77.37145444314042,77.37145444314042,65.95684498168507,646.0,True,True,True,True,True,True,True,False,True,True,True,True,True,True,False,False,False,13,False,0.1053733145731021,0.1326626756856956,1.0,312762365.5320082,0.1955098222637979,0.0,3.0,,,,,,-0.0909720528876238,-0.1899863847922068,0.1158773858149712,-1.618925802989297,0.140625,-1.618925802989297,0.166972536942775,-646.0,0.425,0.5125,0.1,0.37625,0.38625,國票金
70.0999984741211,71.0,69.5,70.80000305175781,50400344.0,0.0630631332411926,68.6,0.090909112282937,66.40999965667724,0.0128755580290753,65.91299044291178,0.3358491141841095,62.26982847849528,0.0104222114781282,77.77777104992194,33162752.3,1.51978772883697,0.0661045537987616,2891.TW,2026-09-16,0.0368574501260701,-0.0023331777549215,bull,0.1150608044901777,0.2469597754911132,2026-03-31,2026-05-15,59859484000.0,,,28299359000.0,4691107000.0,23103564000.0,,,,9627795130000.0,9033405624000.0,594389506000.0,137297531000.0,,,,0.165767252890781,,9627795130000.0,,0.0388694009008967,0.0023996734130756,15.197787869424465,,,0.3859633003184591,-0.0259120213272754,,,18.776914292805223,18.776914292805223,False,75.21445870155506,75.21445870155506,61.1050725993676,873.0,True,True,True,True,True,True,True,False,True,True,True,True,True,True,False,False,False,13,False,0.0741433907945467,0.1369872823113429,1.0,2347922964.0446887,0.0636108512628624,1.0,3.0,,,,,,-0.0710319989625844,-0.2112578675660301,0.1951685028621086,-1.5572205890467632,0.2275,-1.5572205890467632,0.1832388324764046,-873.0,0.225,0.275,0.1125,0.208125,0.2175,中信金
11.199999809265137,11.199999809265137,11.0,11.149999618530272,5599261.0,0.0276496982961309,11.079999923706056,0.0985221711904655,10.66500005722046,0.0568719826490937,10.376747560501098,0.1217303912703295,10.281790455182394,0.0225311637312775,74.99999999999994,5866805.75,0.9543968623812028,0.0454758142248163,2897.TW,2026-09-16,0.0368574501260701,-0.0023331777549215,bull,0.1019644527595884,0.1646398503274088,2026-03-31,2026-05-15,,,,,308566000.0,766449000.0,,,,714942709000.0,649644985000.0,65297724000.0,6137312000.0,,,,,,714942709000.0,,0.0117377598030828,0.0010720425432018,9.948968282569847,,,,,,,6.081891632619952,6.081891632619952,False,71.61472134442849,71.61472134442849,55.23151391647635,1057.0,True,False,True,True,True,True,True,False,True,True,True,True,True,True,False,False,False,12,False,0.0745177671058072,0.0844414372314181,1.0,65414881.87449121,0.3648269410664172,0.0,3.0,,,,,,0.0544680495809453,-0.0556681559394198,0.2492506022022485,-0.707969405004421,0.739375,-0.707969405004421,0.7604953974990873,-1057.0,0.05,0.1125,0.8375,0.168125,0.22625,王道銀行
18.89999961853028,19.0,18.5,18.549999237060547,2042433.0,0.0277008321957927,18.55,0.0816326326338572,17.80495662689209,0.2366666158040364,16.543046712875366,0.2793102922110722,15.33527332941691,0.0202454664711998,72.30032010773184,1461364.65,1.397620368058034,0.0418446742545368,2905.TW,2026-09-16,0.0368574501260701,-0.0023331777549215,bull,0.1234798877455566,0.0486435921421889,2026-03-31,2026-05-15,29552820000.0,,,,-68929000.0,32878000.0,0.03,133124099000.0,1468399841000.0,1617410517000.0,62246052000.0,86764624000.0,72610211000.0,2757000000.0,7269508000.0,,,,149010676000.0,,0.0003789332389661,2.032755423217024e-05,0.717412801788895,,,0.0011125165043471,-0.4161502905041906,,,21.27042291580655,21.27042291580655,False,76.88007281910693,76.88007281910693,62.97766034328183,831.0,True,True,True,True,True,True,True,False,True,True,True,True,True,True,False,False,False,13,False,0.1213169834443603,0.2096295148177753,1.0,27108313.14256725,0.4658559401309635,0.0,3.0,,,,,,-0.0033829823894632,-0.0460410660994326,0.178511757194295,-1.6117873829068472,0.435625,-1.6117873829068472,0.4278972552541393,-831.0,0.2625,0.3875,0.3625,0.2774999999999999,0.32,三商
21.75,22.100000381469727,21.75,22.049999237060547,220262.0,-0.0089887983343573,22.01000022888184,0.0208332799834978,22.03000011444092,0.045023641631074,21.80833339691162,0.1314439444644044,21.05724498430888,0.0025028449981702,51.724110715610536,230812.3,0.9542905642376944,0.000907813096493,2908.TW,2026-09-16,0.0368574501260701,-0.0023331777549215,bull,0.275023386342376,0.1833489242282507,2026-03-31,2026-05-15,9402236000.0,2780908000.0,276866000.0,231204000.0,54293000.0,160854000.0,0.32,20114529000.0,15304252000.0,40538813000.0,31810333000.0,8728480000.0,2421634000.0,4169050000.0,9539478000.0,,0.2348272521236656,211850318.0135292,25234561000.0,0.0083952448395487,0.0184286382050483,0.0039679010828462,3.6444298434549887,0.2957709208745664,0.0294468252020051,0.0171080581257479,0.0988141239298459,,,24.019508975015057,24.019508975015057,False,62.24122639539687,62.24122639539687,52.68579704030142,777.0,True,False,True,True,True,True,True,True,False,True,True,True,True,True,False,False,False,12,False,0.0110813529741409,0.0471454956947803,1.0,5089411.03890419,0.6884939195509823,0.0,3.0,,,,,,0.0534406918808612,0.0312458207761021,0.228774890392138,-0.3596279230346964,0.8268750000000001,-0.3596279230346964,0.8438681635824494,-777.0,0.3375,0.05,0.9,0.421875,0.36375,特力
266.0,285.0,265.5,281.0,11533988.0,-0.0831973898858075,283.6,0.1446028513238288,280.2,0.1453365774432775,243.90328674316407,0.6755220557381094,222.32817039489743,0.0182611065685472,52.34899328859061,17302235.1,0.6666183838872932,0.0028551034975017,3006.TW,2026-09-16,0.0368574501260701,-0.0023331777549215,bull,0.0664172123479887,0.0907390084190832,2026-03-31,2026-05-15,7266900000.0,3453448000.0,2254754000.0,2352467000.0,288641000.0,2063883000.0,7.22,17585827000.0,5859607000.0,20073767000.0,7169155000.0,12904612000.0,7031281000.0,1000000000.0,693679000.0,0.0,0.1226971515434647,1978102106.7687664,14214160000.0,0.1391641930841334,0.1599337508171497,0.1028149325435529,0.5555498297817866,0.4752298779396992,0.3102772846743453,0.2840114766957024,1.503294079957009,,,98.64788449850906,98.64788449850906,True,71.36470403119797,71.36470403119797,78.18549914802574,7.0,True,False,True,True,True,True,True,True,True,True,True,True,False,True,True,True,True,13,False,0.1520959957210401,0.2638974157026081,1.0,4861928063.1,0.0411599625818522,2.0,0.0,,,,,,-0.0384122188937085,-0.1502741571681312,0.2239637963926563,-1.1356975603634067,0.3831249999999999,-1.1356975603634067,0.5208977332478885,-7.0,1.0,0.8375,0.5375,0.930625,0.85875,晶豪科
120.0,126.0,118.5,119.5,11731482.0,0.0765765765765766,116.8,0.0863636363636364,112.725,0.2034239307899459,107.156666692098,0.2513089005235602,103.16750011444093,0.0153118666966898,67.44186046511628,2892086.75,4.056407367448435,0.0601020181858504,3029.TW,2026-09-16,0.0368574501260701,-0.0023331777549215,bull,0.1188026192703461,0.0570626753975678,2026-03-31,2026-05-15,6876938000.0,811379000.0,385472000.0,424218000.0,78018000.0,295873000.0,1.77,12286821000.0,7803745000.0,15126326000.0,8760650000.0,6365676000.0,2911146000.0,3716000.0,,,0.1839101593991768,314579783.0360805,7322581000.0,0.0429602326059732,0.0464794312497211,0.0195601364138258,1.3762324692617092,0.1179855045952137,0.0560528537555522,0.0430239446683974,0.0168646985516829,,,48.26050505492552,48.26050505492552,False,77.86023331341988,77.86023331341988,70.4603012487963,389.0,True,True,True,True,True,True,True,True,True,True,True,True,False,True,False,False,False,13,False,0.1151895975205081,0.1583105131697666,1.0,345604366.625,0.1880261927034612,2.0,3.0,,,,,,0.0075678728391718,-0.0497376491539012,0.2806443488194384,-0.7385524925284426,0.685625,-0.7385524925284426,0.6588721593662069,-389.0,0.5875,0.6375,0.6875,0.6025,0.6225,零壹
548.0,553.0,543.0,548.0,2984572.0,0.0092081031307551,547.4,0.0262172284644195,542.2,0.0092081031307551,521.0506154378255,0.3979591836734695,488.1044743855794,0.0129845866417562,50.0,3298639.4,0.9047888047417368,0.0106971597196605,3034.TW,2026-09-16,0.0368574501260701,-0.0023331777549215,bull,0.2563143124415341,0.2581852198316183,2026-03-31,2026-05-15,23145303000.0,9039901000.0,4027546000.0,4389348000.0,622236000.0,3767112000.0,6.19,79261926000.0,21790635000.0,103666583000.0,31738768000.0,71927815000.0,48919537000.0,,,,0.1417604619182621,3456599218.642951,81875948000.0,0.0422175169030464,0.0523735080788982,0.036338730292673,0.4412586146263444,0.390571728527382,0.1740113750077067,0.1627592432036858,-0.1465659805926223,,,75.54535048945058,75.54535048945058,False,61.747370107601895,61.747370107601895,65.19686520306406,116.0,True,False,True,True,True,True,True,True,False,True,True,True,True,True,True,False,False,12,False,0.051721241207113,0.1227104621194394,1.0,1807654391.2,0.0729653882132834,3.0,3.0,,,,,,0.0646774659576503,-0.0057639513789104,0.3037561160171395,0.7093489060200775,0.918125,0.7093489060200775,0.911929679639676,-116.0,0.9125,0.4625,0.9875,0.92375,0.7925,聯詠
810.0,832.0,805.0,824.0,2989415.0,-0.0844444444444444,820.4,0.1890331890331891,789.55,0.0390920554854981,739.8700937906901,1.3576537911301858,736.1017135620117,0.0388132359713176,57.976653696498055,5195884.4,0.5753428617465007,0.0436324488632766,3167.TW,2026-09-16,0.0368574501260701,-0.0023331777549215,bull,0.0477081384471468,0.1936389148737137,2026-03-31,2026-05-15,1946206000.0,824053000.0,409380000.0,425365000.0,143361000.0,282004000.0,3.19,7943560000.0,5595217000.0,10404607000.0,6825735000.0,3578872000.0,1402836000.0,918708000.0,407412000.0,308759000.0,0.337030550233329,271406433.3454797,4809390000.0,0.0564326106523862,0.078796894664017,0.0271037627850816,1.907230825802096,0.4234150958326097,0.2103477226973917,0.144899358033014,1.3065981160430264,,,88.81703425043213,88.81703425043213,False,79.0045467094581,79.0045467094581,81.4576685947016,40.0,True,True,True,True,True,True,True,True,True,True,True,True,False,True,True,False,False,13,False,0.1137090239426683,0.1194105173490855,1.0,4281408745.6,0.0458372310570626,3.0,2.0,,,,,,-0.0430884343165066,-0.2286576722513945,0.2210337394145639,-0.9732676750720776,0.345625,-0.9732676750720776,0.3474581031682939,-40.0,0.9625,0.9125,0.25,0.855625,0.805,大量
59.400001525878906,63.70000076293945,58.5,61.09999847412109,6232201.0,0.0065897480420766,63.44000015258789,0.1795366674524352,57.10000019073486,0.3097534078369988,48.10083351135254,1.9445782397166789,42.97958340644836,0.0489574749833803,58.67051870171542,4021789.05,1.5496091223382291,0.0700525091072639,3229.TW,2026-09-16,0.0368574501260701,-0.0023331777549215,bull,0.049579045837231,0.029934518241347,2026-03-31,2026-05-15,342922000.0,37599000.0,21175000.0,35503000.0,188000.0,35315000.0,0.55,692865000.0,303681000.0,941103000.0,306548000.0,634555000.0,107034000.0,151140000.0,,,0.0052953271554516,21062871.447483312,637422000.0,0.0330438413601716,0.0556531742717337,0.0375251168044305,0.4830913002025041,0.1096430091974268,0.0617487358641323,0.1029826024577017,0.4578839294444752,,,67.33482851500801,67.33482851500801,False,90.5937382269571,90.5937382269571,84.77901079896984,185.0,True,True,True,True,True,True,True,True,True,True,True,True,True,True,True,False,False,14,False,0.270248226773462,0.4216051816117432,1.0,245731304.8182369,0.216089803554724,1.0,3.0,,,,,,-0.1043493848329854,-0.1745998044071888,0.2097478959767859,-1.7951936216219522,0.189375,-1.7951936216219522,0.2627114878559053,-185.0,0.85,0.975,0.1875,0.7506249999999999,0.755,晟鈦
950.0,1005.0,941.0,1005.0,4088834.0,-0.0945945945945946,1000.8,0.5296803652968036,918.8,0.3710777626193724,692.2916666666666,1.280291351358238,624.2152119954427,0.1047252615125645,60.49079754601227,6061916.45,0.6745117709433293,0.0938180235089247,3406.TW,2026-09-16,0.0368574501260701,-0.0023331777549215,bull,0.0037418147801683,0.0243217960710944,2026-03-31,2026-05-15,6140741000.0,2060873000.0,1200606000.0,1239328000.0,347909000.0,890873000.0,7.9,22697154000.0,9791281000.0,44791309000.0,18698861000.0,26092448000.0,12605348000.0,216960000.0,2871110000.0,,0.2807239084407033,863567191.1826409,35000028000.0,0.0246733285808411,0.0341429443492615,0.019889416493722,0.7166388144186394,0.3356065660479737,0.1955148409613758,0.1450758141403456,0.1539913322030344,,,69.07874706062229,69.07874706062229,False,91.53208877613052,91.53208877613052,85.91875334725344,172.0,True,True,True,True,True,True,True,True,True,True,True,False,False,True,True,False,False,12,False,0.4517002708396029,0.6100216410735875,1.0,6092226032.25,0.0318054256314312,3.0,3.0,,,,,,0.0454406604120478,-0.0536284224897997,0.3466484140807918,-0.0743415291450809,0.8318749999999999,-0.0743415291450809,0.786581932417716,-172.0,0.8625,0.9875,0.8625,0.8625,0.9,玉晶光
6070.0,6295.0,6050.0,6170.0,1261181.0,0.0413502109704642,6190.0,0.1652502360717658,5929.75,0.264344262295082,4968.916666666667,1.440200539614279,4569.758516438802,0.0283100667649354,56.72043010752689,1865804.8,0.6759447719289821,0.0405160419916521,3443.TW,2026-09-16,0.0368574501260701,-0.0023331777549215,bull,0.0551917680074836,0.0411599625818522,2026-03-31,2026-05-15,11447812000.0,3113307000.0,1824178000.0,1924721000.0,278481000.0,1646240000.0,12.28,31638843000.0,19973296000.0,35132291000.0,20548418000.0,14583873000.0,7671980000.0,,,,0.144686424681811,1560244207.1967833,15158995000.0,0.1029253065389086,0.1128808513348957,0.0468583161855285,1.4089822367487703,0.2719565101173918,0.1593473058432476,0.1438038989459295,0.6298963899650951,,,83.63888359987813,83.63888359987813,True,80.9365070695634,80.9365070695634,81.61210120214209,63.0,True,True,True,True,True,True,True,True,True,True,True,True,False,True,True,True,False,13,False,0.2417193553256074,0.3501807541480903,1.0,11512015616.0,0.0130963517305893,3.0,2.0,,,,,,0.0587994758350919,-0.0697430894706941,0.3194394872207968,0.7130385062679377,0.8187500000000001,0.7130385062679377,0.8528227793408952,-63.0,0.9375,0.925,0.9125,0.93375,0.92875,創意
29.89999961853028,30.950000762939453,29.75,30.299999237060547,511408.0,0.0358974098140358,29.69000015258789,0.0938627582133391,29.277500057220458,0.0184873693129594,28.701666577657065,0.3741496728096847,29.374166568120323,0.0124492069284979,63.31658763466219,890137.55,0.5745269368762165,0.0349244019414807,3518.TW,2026-09-16,0.0368574501260701,-0.0023331777549215,bull,0.1094480823199251,0.2394761459307764,2026-03-31,2026-05-15,62020000.0,-8136000.0,-65733000.0,299263000.0,11897000.0,283367000.0,2.81,1286836000.0,314326000.0,2442515000.0,739644000.0,1702871000.0,660760000.0,144500000.0,19646000.0,291744000.0,0.0397543298035507,-63119828.6390232,2128189000.0,-0.0296589394264434,0.1664054411637757,0.1160144359400044,0.434351163417546,-0.1311834891970332,,,-0.1616426505177215,,,49.17067183075589,49.17067183075589,False,76.0660344498538,76.0660344498538,69.34219379507933,378.0,True,True,True,True,True,True,True,True,True,True,True,True,False,True,False,False,False,13,False,0.0556877996989801,0.031518602129295,1.0,26971167.085878942,0.4677268475210477,1.0,3.0,,,,,,0.0188104664371741,-0.0717970637868128,0.0764085707081708,-2.101555611274616,0.334375,-2.101555611274616,0.3519418147444758,-378.0,0.625,0.6125,0.2625,0.570625,0.54875,柏騰
409.0,447.0,409.0,440.0,7737056.0,0.0377358490566037,419.2,0.2342215988779803,394.0,0.2054794520547944,381.4360107421875,2.0136986301369864,311.6971720377604,0.0395778364116095,61.61616161616161,8131995.1,0.951433923023392,0.116751269035533,3532.TW,2026-09-16,0.0368574501260701,-0.0023331777549215,bull,0.0271281571562207,0.0561272217025257,2026-03-31,2026-05-15,3308768000.0,27622000.0,-105154000.0,-82202000.0,-13987000.0,-68215000.0,-0.18,9109304000.0,3626589000.0,51226148000.0,26972355000.0,24253793000.0,1958029000.0,0.0,20500000000.0,,0.1701540108513174,-87261625.14294055,47599559000.0,-0.0018332444034395,-0.0028125497731426,-0.0013316441439243,1.112088117516299,0.0083481223222661,-0.03178040890144,-0.0206164348784804,0.1086960163893446,,,17.44238091593533,17.44238091593533,False,91.82762314442064,91.82762314442064,73.23131258729933,893.0,True,True,True,True,True,True,True,True,True,True,True,True,True,True,False,False,False,14,False,0.1535355540864125,0.4116265384233142,1.0,3578077844.0,0.049579045837231,2.0,3.0,,,,,,-0.2005235820960259,-0.3487648754449777,0.085432398150626,-1.92769447085259,0.024375,-1.92769447085259,0.0225012323770087,-893.0,0.2,0.75,0.0125,0.171875,0.3274999999999999,台勝科
130.0,140.0,129.0,140.0,20959727.0,0.0810810810810811,128.9,0.1764705882352941,122.775,0.8276762766163535,103.54151369730631,1.3608769275076922,89.08849531809489,0.0038838920686836,61.84971098265896,13918724.6,1.5058654871294743,0.140297291793932,3605.TW,2026-09-16,0.0368574501260701,-0.0023331777549215,bull,0.0523854069223573,0.0056127221702525,2026-03-31,2026-05-15,2821542000.0,693877000.0,147463000.0,143021000.0,35356000.0,107659000.0,0.67,7733924000.0,4283420000.0,15202980000.0,7237415000.0,7965565000.0,2596697000.0,794000000.0,2115835000.0,130740000.0,0.2472084519056642,111008900.05663504,10919560000.0,0.010166059809794,0.0135155509998349,0.007081440612301,0.9085877775148404,0.2459212019526911,0.0522632659730034,0.0381560862818983,0.0947751117457165,,,35.95481269053683,35.95481269053683,False,96.5595421500864,96.5595421500864,81.40835978519901,584.0,True,True,True,True,True,True,True,True,True,True,True,True,True,True,False,False,False,14,False,0.3521146736301013,0.5714711478751893,1.0,1948621444.0,0.0701590271281571,2.0,3.0,,,,,,-0.0099980268642157,-0.1301427706661862,0.2741203938839644,-1.6017882661557348,0.43875,-1.6017882661557348,0.5503644745602874,-584.0,0.4875,0.9,0.5625,0.4987499999999999,0.6262500000000001,宏致
56.09999847412109,56.29999923706055,55.900001525878906,56.0,146131.0,-0.0053285833237288,55.9,0.023765982064507,55.925,0.0351201770696496,54.7599999109904,0.0926268107717052,53.83451798756917,0.0066600645269894,50.0,169788.0,0.8606674205479775,0.0013410818059902,3705.TW,2026-09-16,0.0368574501260701,-0.0023331777549215,bull,0.2666043030869972,0.1983161833489242,2026-03-31,2026-05-15,1840865000.0,814150000.0,297411000.0,335863000.0,82504000.0,237394000.0,0.89,7096418000.0,2695071000.0,12716314000.0,4269427000.0,8446887000.0,1125149000.0,360709000.0,848392000.0,,0.24564777900513,224352648.39830524,10021243000.0,0.0223877066346265,0.0281043181943833,0.0186684600584729,0.5054438398430097,0.4422649135053358,0.1615604620653877,0.1289578540523069,-0.1553673664341042,,,60.307644264833584,60.307644264833584,False,62.15572314083283,62.15572314083283,61.69370342183302,257.0,True,False,True,True,True,True,True,True,False,True,True,True,True,True,True,False,False,12,False,0.0226442675497655,0.0402247868724459,1.0,9508128.0,0.6127221702525725,1.0,3.0,,,,,,0.0559044889978974,0.012923175304501,0.2273053749785271,-0.977717443082516,0.7943749999999999,-0.977717443082516,0.8214823318216175,-257.0,0.75,0.3125,0.875,0.7687499999999999,0.64375,永信
59.70000076293945,60.5,59.59999847412109,59.70000076293945,188686.0,0.0346620446023389,58.7,0.1480769377488355,55.38500003814697,0.3721234609747408,50.61611213684082,0.1521149853674006,47.638275400797525,0.0256481488545735,75.80647046807591,214084.25,0.8813632950579036,0.0779091942190211,4119.TW,2026-09-16,0.0368574501260701,-0.0023331777549215,bull,0.0626753975678204,0.0233863423760523,2026-03-31,2026-05-15,375798000.0,82325000.0,33151000.0,28590000.0,8480000.0,20110000.0,0.17,1104577000.0,1053320000.0,6954821000.0,1544198000.0,5410623000.0,51949000.0,390000000.0,300399000.0,,0.2966072053165442,23318174.53655124,5901501000.0,0.0039512277531684,0.0037167623765322,0.0028915194222827,0.2854011451176694,0.2190671584202151,0.0882149452631466,0.0535127914464685,0.0430373141784996,,,33.11973270077256,33.11973270077256,False,79.02751236514916,79.02751236514916,67.55056744905501,621.0,True,True,True,True,True,True,True,False,True,True,True,True,True,True,False,False,False,13,False,0.1794663446599831,0.2531939970677443,1.0,12780829.88833332,0.5771749298409729,1.0,3.0,,,,,,0.0041970377409034,-0.0532902970270617,0.1899274235509211,-1.5094671054384683,0.4862499999999999,-1.5094671054384683,0.4483558134699439,-621.0,0.4375,0.5625,0.4125,0.43375,0.47,旭富
33.599998474121094,33.650001525878906,32.900001525878906,32.900001525878906,49670.0,0.056179837199985,33.43000030517578,0.0313480225488072,32.32250003814697,0.0681818941830201,31.18136561711629,-0.2147971282158852,33.39026605288188,0.011738010674985,45.83333664470302,64728.75,0.76735608211189,0.0178668570516009,4148.TW,2026-09-16,0.0368574501260701,-0.0023331777549215,bull,0.2310570626753975,0.1431244153414406,2026-03-31,2026-05-15,527663000.0,147176000.0,26408000.0,35978000.0,21270000.0,5266000.0,0.08,3084648000.0,652302000.0,4254103000.0,818221000.0,3435882000.0,1136691000.0,131408000.0,121688000.0,,0.4,15844800.0,3601801000.0,0.0043991325450795,0.0015326486765261,0.0012378637752776,0.238140017614109,0.2789204473309669,0.0500470944523303,0.0099798545662667,-0.0369883014253645,,,28.65796249948808,28.65796249948808,False,65.97908249050214,65.97908249050214,56.648802492748615,698.0,True,False,True,True,True,True,True,False,False,True,True,True,False,True,False,False,False,10,False,0.0551174034475003,-0.0146828577593994,0.0,2129575.9737682343,0.8147801683816651,1.0,3.0,,,,,,0.005983066095477,-0.0384080093088024,0.1796750786389541,-1.6669755718080648,0.4737499999999999,-1.6669755718080648,0.4432171392406899,-698.0,0.3625,0.15,0.4,0.368125,0.30625,全宇生技-KY
56.400001525878906,59.79999923706055,55.79999923706055,59.70000076293945,346011.0,0.0257731955384297,57.38000030517578,0.0473684344375342,57.61999988555908,0.0455341919141512,57.05166670481364,-0.0801232764357632,58.77916673024495,0.0009554403499088,57.89474589955874,92963.55,3.7220071737794007,0.0360985921817342,4737.TW,2026-09-16,0.0368574501260701,-0.0023331777549215,bull,0.1819457436856875,0.1814780168381665,2026-03-31,2026-05-15,405264000.0,122255000.0,-88509000.0,-100891000.0,-21625000.0,-79924000.0,-1.09,1492041000.0,1758421000.0,5654786000.0,3442043000.0,2212743000.0,387476000.0,517663000.0,1666248000.0,,0.2143402285634992,-69537960.71007325,3896365000.0,-0.0178468805438076,-0.0361198747437004,-0.0141338681958963,1.555554802342613,0.3016675549765091,-0.2183983773540211,-0.1972146551383789,-0.1582270724761705,,,15.873895957923814,15.873895957923814,False,74.56261094979612,74.56261094979612,59.89043220182805,929.0,True,False,True,True,True,True,True,True,True,True,True,True,False,True,False,False,False,12,False,0.0464199244489795,0.0156659933088278,1.0,5549924.00592556,0.6744621141253508,1.0,3.0,,,,,,-0.0386535406559011,-0.0853363946646324,0.1645279654015949,-1.6668185369573358,0.271875,-1.6668185369573358,0.2232202713607993,-929.0,0.1625,0.2375,0.1375,0.15875,0.18,華廣
179.5,185.0,179.0,181.0,1827730.0,0.0225988700564971,176.0,0.087087087087087,169.125,0.0727925189327909,165.55292536417645,0.3278620386561588,160.8683676401774,0.0169873722188814,67.02127659574468,781786.15,2.3378899715734285,0.0702143385070215,4961.TW,2026-09-16,0.0368574501260701,-0.0023331777549215,bull,0.117867165575304,0.1384471468662301,2026-03-31,2026-05-15,4501219000.0,1251280000.0,294573000.0,378167000.0,58735000.0,224263000.0,1.86,18756288000.0,2898638000.0,26661399000.0,3800040000.0,22861359000.0,2014179000.0,,,,0.155314979889837,248821400.42891103,23762761000.0,0.0104710643863695,0.0098096967901164,0.0084115240914402,0.1662210894811634,0.2779869186547022,0.0654429389016619,0.049822725799389,-0.0343346930509377,,,36.99914354663914,36.99914354663914,False,77.16369390806506,77.16369390806506,67.12255631770857,568.0,True,True,True,True,True,True,True,True,True,True,True,True,True,True,False,False,False,14,False,0.0933059600236221,0.1251435111522487,1.0,141503293.15,0.2712815715622076,2.0,3.0,,,,,,-0.0138270996897668,-0.0935315699558959,0.205249795961428,-1.7338693106651883,0.344375,-1.7338693106651883,0.3113916413028731,-568.0,0.5125,0.55,0.2,0.4656249999999999,0.46125,天鈺
48.75,50.900001525878906,48.5,49.70000076293945,7386734.0,0.1218961990717455,47.85999984741211,0.1269841832784775,45.72750015258789,0.1257077926442962,43.82938168843587,0.1181102341932294,44.60344092051188,0.0136325843004227,63.29114229666517,2278332.7,3.242166519402544,0.0868733387369906,6112.TW,2026-09-16,0.0368574501260701,-0.0023331777549215,bull,0.0776426566884939,0.09822263797942,2026-03-31,2026-05-15,6018223000.0,834764000.0,167785000.0,90440000.0,48570000.0,32807000.0,0.17,11930415000.0,9613507000.0,15361762000.0,10271180000.0,5090582000.0,1349634000.0,3751754000.0,180432000.0,,0.4,100671000.0,5748255000.0,0.017513314910351,0.0064446462113762,0.0021356274104494,2.017682850408853,0.1387060599117048,0.0278794920028719,0.0054512768968514,0.2736882851262932,,,29.171201546523523,29.171201546523523,False,84.90888558164762,84.90888558164762,70.97446457286661,688.0,True,True,True,True,True,True,True,True,True,True,False,True,False,True,False,False,False,12,False,0.1339425483169092,0.1142638266744977,1.0,113233136.92822991,0.3068288119738073,1.0,3.0,,,,,,-0.0127145649970721,-0.0727895477981588,0.2689317068975995,-1.5097611858583424,0.4981249999999999,-1.5097611858583424,0.5941590642033062,-688.0,0.375,0.65,0.6125,0.4106249999999999,0.505,邁達特
23.100000381469727,24.299999237060547,23.049999237060547,23.700000762939453,1964373.0,0.0463576672005838,23.11000022888184,0.069977479508057,22.792398166656493,0.0281996332925604,22.49579935073853,0.0304348157799763,22.682066329320275,0.0067358985664733,53.44488452834949,1334975.4,1.4714675641214063,0.0398204080872328,6133.TW,2026-09-16,0.0368574501260701,-0.0023331777549215,bull,0.1421889616463985,0.216089803554724,2026-03-31,2026-05-15,324191000.0,77708000.0,27678000.0,22995000.0,8071000.0,14924000.0,0.13,1167334000.0,805832000.0,2434869000.0,834956000.0,1599913000.0,389506000.0,523000000.0,0.0,,0.3509893455098934,17963316.894977167,1629037000.0,0.0110269545105342,0.009328007210392,0.006129282519922,0.521875877000812,0.2396982026027866,0.0853755964847882,0.0460345907196683,0.0760312529042366,,,38.81172473878017,38.81172473878017,False,74.18477702374274,74.18477702374274,65.3415139525021,534.0,True,False,True,True,True,True,True,True,True,True,True,True,True,True,False,False,False,13,False,0.0535300565863818,0.0448783818387539,1.0,31638917.9985054,0.4490177736202058,0.0,3.0,,,,,,0.0090481934589725,-0.0557686397587714,0.1853401750979298,-1.7869301784933893,0.440625,-1.7869301784933893,0.414850116938885,-534.0,0.5625,0.475,0.35,0.530625,0.4937499999999999,金橋
15.050000190734863,15.5,15.050000190734863,15.149999618530272,1326894.0,0.0271186182054421,15.119999885559082,0.0899280600219303,14.204999971389771,0.0821428298950193,13.408333317438762,-0.1810811017010664,14.40833334128062,0.0151867037360458,64.63415286571164,1051218.6,1.262243647515369,0.066525846465598,6152.TW,2026-09-16,0.0368574501260701,-0.0023331777549215,bull,0.1159962581852198,0.1300280636108512,2026-03-31,2026-05-15,331599000.0,67905000.0,-74688000.0,-37067000.0,0.0,-37057000.0,-0.22,2369207000.0,1662086000.0,2991955000.0,1740955000.0,1251000000.0,751624000.0,571363000.0,46921000.0,,-0.0,-74688000.0,1329869000.0,-0.056161922715696,-0.0296219024780175,-0.012385547242522,1.391650679456435,0.2047804727999783,-0.2252359024001881,-0.1117524479868757,-0.1247891807146872,,,12.786538756616617,12.786538756616617,False,81.96064730369821,81.96064730369821,64.66712016692782,987.0,True,True,True,True,True,True,True,True,True,True,True,True,True,True,False,False,False,14,False,0.1298943172024456,0.0514748138929255,1.0,15925961.388991928,0.5463049579045838,0.0,3.0,,,,,,-0.0428243596272586,-0.1093843429861783,0.1802767600940336,-1.6966213525615526,0.26,-1.6966213525615526,0.4981922193511341,-987.0,0.125,0.45,0.525,0.185,0.3025,百一
525.0,555.0,514.0,550.0,21231610.0,0.0516252390057361,522.4,0.1363636363636364,529.225,0.7948872444033019,419.8305735270182,2.85152901047158,335.7085824330648,0.020241939370572,46.24277456647399,17571254.5,1.2083149783073257,0.0392555151400633,6213.TW,2026-09-16,0.0368574501260701,-0.0023331777549215,bull,0.0739008419083255,0.0065481758652946,2026-03-31,2026-05-15,9143071000.0,1044251000.0,424199000.0,483404000.0,168881000.0,314523000.0,0.87,27657471000.0,15422932000.0,39926715000.0,18831086000.0,21095629000.0,3563235000.0,3355253000.0,1984813000.0,,0.3493578869847994,276001733.69893503,24503783000.0,0.0112636376880637,0.0149093918934581,0.0078775075785723,0.8926534496790781,0.11421228162835,0.0463956804010381,0.0344001484840268,0.206199391931416,,,35.19697595463791,35.19697595463791,False,77.62652142701754,77.62652142701754,67.01913505892263,593.0,True,True,True,True,True,True,True,False,True,True,True,True,True,True,False,False,False,13,False,0.3100522798504685,0.6383257050321662,1.0,9664189975.0,0.0159027128157156,3.0,3.0,,,,,,-0.2251401284797664,-0.3034342509059129,0.1298187980773867,-1.6164284833389435,0.0987499999999999,-1.6164284833389435,0.1136257215007215,-593.0,0.475,0.5375,0.075,0.415,0.4137499999999999,聯茂
191.0,193.0,188.5,191.0,2410650.0,0.0186666666666666,188.9,0.0700280112044817,184.225,0.4580152671755726,157.59166666666667,0.8301732954053238,139.88173789978026,0.0238988467416978,75.75757575757575,1953936.7,1.2337400694710323,0.036775681910707,6214.TW,2026-09-16,0.0368574501260701,-0.0023331777549215,bull,0.1412535079513564,0.0159027128157156,2026-03-31,2026-05-15,11968686000.0,2441124000.0,591731000.0,895921000.0,121622000.0,718327000.0,2.64,28637858000.0,16986250000.0,37839475000.0,17932964000.0,19906511000.0,4485498000.0,2337560000.0,448042000.0,0.0,0.1357508083860072,511403038.4029395,20853225000.0,0.0245239303946003,0.0360850276575337,0.0189835350516887,0.9008592213874144,0.203959231614899,0.0494399301644307,0.0600171982120677,0.2168964026850304,,,53.24611007538207,53.24611007538207,False,75.3773010125506,75.3773010125506,69.84450327825847,317.0,True,True,True,True,True,True,True,False,True,True,True,True,True,True,False,False,False,13,False,0.2119930199354873,0.3654391407178823,1.0,373201909.7,0.1805425631431244,2.0,3.0,,,,,,-0.0025585154887888,-0.1031117314818422,0.253150164817999,-1.429132616023634,0.5012500000000001,-1.429132616023634,0.4554173181511764,-317.0,0.7,0.625,0.4375,0.660625,0.625,精誠
118.0,123.0,117.0,118.0,1109686.0,0.1184834123222748,116.2,0.2177502388220908,104.7400001525879,0.4390243902439024,97.15681711832684,0.4955639761463939,90.64757531483968,0.052822032583968,73.63897261549678,1103837.4,1.0052984252934356,0.1265991963728718,6416.TW,2026-09-16,0.0368574501260701,-0.0023331777549215,bull,0.0336763330215154,0.0177736202057998,2026-03-31,2026-05-15,1057732000.0,271486000.0,132488000.0,135818000.0,38070000.0,99022000.0,1.35,4240170000.0,1810116000.0,6158927000.0,2539091000.0,3619836000.0,356630000.0,274239000.0,208323000.0,,0.2803015800556627,95351404.26158535,4348811000.0,0.0219258561159786,0.0273553829510508,0.016077800564936,0.7014381314512591,0.2566680406757099,0.1252566812765426,0.0936172867985463,-0.046140444062884,,,49.20522556408967,49.20522556408967,False,83.58952304832151,83.58952304832151,74.99344867726356,377.0,True,True,True,True,True,True,True,False,True,True,False,True,True,True,False,False,False,12,False,0.2145313473607144,0.3017446919033313,1.0,130252813.2,0.2890551917680075,2.0,3.0,,,,,,0.0357957947132662,-0.0484676273987395,0.3437644768496266,-1.3397975318749753,0.759375,-1.3397975318749753,0.7677940345732788,-377.0,0.6375,0.775,0.85,0.669375,0.7212500000000001,瑞祺電通
303.0,330.0,303.0,330.0,2826559.0,0.0280373831775699,313.2,0.4285714285714286,279.2568962097168,0.5602836879432624,217.2106320699056,1.2837370242214532,221.2636493682861,0.0805821584155407,71.51300487866781,3602147.1,0.78468727720753,0.1817076121628742,6426.TW,2026-09-16,0.0368574501260701,-0.0023331777549215,bull,0.0065481758652946,0.0112254443405051,2026-03-31,2026-05-15,154269000.0,60877000.0,19307000.0,27476000.0,-977000.0,28453000.0,0.74,831225000.0,83262000.0,1018747000.0,85873000.0,932874000.0,275168000.0,7500000.0,,,0.0,19307000.0,935485000.0,0.020638492332854,0.0305003676809515,0.0279294073994819,0.0920520884921222,0.3946158982037869,0.1251515210444094,0.1844375733297033,0.5607004835805192,,,75.05902824356723,75.05902824356723,False,84.52291861552854,84.52291861552854,82.15694602253821,120.0,True,True,True,True,True,True,True,True,True,True,True,False,False,False,True,False,False,11,False,0.519262647759319,0.4914334141290679,1.0,1188708543.0,0.09822263797942,2.0,3.0,,,,,,-0.044220764598055,-0.1830870756727142,0.2400205793345488,-1.5375885236443594,0.329375,-1.5375885236443594,0.3258225064656224,-120.0,0.9,0.95,0.2375,0.800625,0.7825,統新
389.5,396.5,382.5,393.0,367789.0,0.0536193029490617,379.7,0.0466045272969373,379.9,0.2055214723926379,361.4989903767904,0.4111310592459605,330.96616185506184,0.0078259716142724,59.67741935483872,368247.25,0.998755591521729,0.0344827586206897,6491.TW,2026-09-16,0.0368574501260701,-0.0023331777549215,bull,0.1852198316183348,0.0551917680074836,2026-03-31,2026-05-15,1885667000.0,1005547000.0,542809000.0,566411000.0,88526000.0,472275000.0,6.06,6983966000.0,4705377000.0,16639674000.0,5326767000.0,11312907000.0,1204500000.0,831456000.0,457203000.0,,0.1562928686060122,457971824.2848391,11934297000.0,0.0383744282788369,0.0417465643446021,0.0283824671084301,0.4708574904752598,0.5332579930602805,0.2878604758952667,0.2504551439888379,0.1833499738625503,,,86.74813401220891,86.74813401220891,False,79.46764001947447,79.46764001947447,81.28776351765808,52.0,True,True,True,True,True,True,True,True,True,True,True,True,True,True,True,False,False,14,False,0.087139965703296,0.1874325695329068,1.0,144721169.25,0.2637979420018709,2.0,2.0,,,,,,0.0114312164609443,-0.0478533408215491,0.325628605525377,-1.0341643332914676,0.7387500000000001,-1.0341643332914676,0.736717729468599,-52.0,0.95,0.8875,0.7875,0.925625,0.8987499999999999,晶碩
83.4000015258789,85.0,80.19999694824219,80.5,24047749.0,-0.0799999999999999,83.2,0.1467236965744016,77.52499961853027,0.4583333131771736,71.68499965667725,0.478088764788265,61.91444419225057,0.0416526706871243,63.35617798447992,25466406.8,0.944292973439818,0.0383747229423865,6505.TW,2026-09-16,0.0368574501260701,-0.0023331777549215,bull,0.0645463049579045,0.0149672591206735,2026-03-31,2026-05-15,161989437000.0,27190906000.0,24513957000.0,25616191000.0,5209581000.0,20407731000.0,2.14,296450387000.0,65693610000.0,463713281000.0,83114597000.0,380598684000.0,63985692000.0,123643000.0,1500200000.0,8100000000.0,0.2033706338307674,19528538027.20982,398019671000.0,0.0490642534780895,0.0536200776774099,0.0440093735421824,0.2183785716925915,0.1678560436011639,0.1513305895371437,0.1259818626321912,-0.0650893152444253,,,66.8716639923295,66.8716639923295,False,83.2693474134672,83.2693474134672,79.16992655818278,192.0,True,True,True,True,True,True,True,True,True,True,True,True,True,True,True,False,False,14,False,0.1229685483091393,0.3001812589973256,1.0,2050045747.4,0.0673526660430308,1.0,3.0,,,,,,-0.0036633475649539,-0.0600940281341884,0.1786291846548908,-1.398655559777658,0.44,-1.398655559777658,0.4028209869170014,-192.0,0.8375,0.8625,0.325,0.760625,0.7424999999999999,台塑化
109.5,109.5,108.5,109.5,14662.0,-0.0135135135135134,110.4,0.0186046511627906,109.375,0.0233644859813084,108.175,0.0310734759565585,108.03333333333332,0.0064412238325282,50.0,20568.0,0.7128549202644885,0.0011428571428571,6581.TW,2026-09-16,0.0368574501260701,-0.0023331777549215,bull,0.2825070159027128,0.2301216089803554,2026-03-31,2026-05-15,435086000.0,230832000.0,168083000.0,168115000.0,37893000.0,130222000.0,1.17,1016241000.0,997203000.0,5502480000.0,1475139000.0,4027341000.0,626926000.0,,471956000.0,,0.2253992802545876,130197212.77696814,4505277000.0,0.0288988252613475,0.0323344857065741,0.023666056032916,0.3662811269271711,0.5305433868246737,0.3863213249794293,0.2993017472407754,-0.1170804069150392,,,69.87102388239742,69.87102388239742,False,60.86698739364783,60.86698739364783,63.11799651583522,165.0,True,False,True,True,True,True,True,True,False,True,True,True,False,True,True,False,False,11,False,0.0122486711347353,0.013576056772601,1.0,2252196.0,0.8082319925163705,2.0,3.0,,,,,,0.0262845168341954,-0.0162779027075016,0.143007398510408,-1.0617920274312254,0.60375,-1.0617920274312254,0.6310123758420859,-165.0,0.875,0.4125,0.65,0.84125,0.69125,鋼聯
44.84999847412109,44.84999847412109,43.75,44.34999847412109,28101.0,-0.0122495107587204,44.279999542236325,0.0686746620270142,44.24499988555908,0.0242494054402162,43.70545037587484,0.0764562537099549,42.456475162506095,0.0170726785152619,50.0,34765.1,0.8083106333650701,0.0023731176140486,6666.TW,2026-09-16,0.0368574501260701,-0.0023331777549215,bull,0.1431244153414406,0.2273152478952292,2026-03-31,2026-05-15,227573000.0,146827000.0,8613000.0,16135000.0,5516000.0,14938000.0,0.32,887322000.0,386264000.0,2243046000.0,445810000.0,1797236000.0,431040000.0,0.0,43267000.0,,0.3418655097613883,5668512.364425163,1856782000.0,0.0030528690844833,0.0083116518921276,0.0066596940053837,0.2480531215711236,0.6451863797550677,0.0378471962842692,0.0656404758033685,-0.0829105328696296,,,36.34402763196038,36.34402763196038,False,65.22114614354678,65.22114614354678,58.00186651565018,578.0,True,False,True,True,True,True,True,True,True,True,True,True,True,True,False,False,False,13,False,0.0147475450476546,0.0445991643057355,1.0,1541832.131952667,0.8503274087932647,1.0,3.0,,,,,,0.0078652915403434,-0.0133647174119063,0.1686830984326929,-1.2124718619765056,0.57375,-1.2124718619765056,0.5596861289542449,-578.0,0.5,0.175,0.575,0.51125,0.4175,羅麗芬-KY
42.95000076293945,45.900001525878906,42.400001525878906,43.20000076293945,4940782.0,0.0322581203832819,41.69000015258789,0.2117811757056975,40.88499984741211,0.0285714467366535,37.88416678110759,0.2558139199627756,37.767083326975495,0.0368350970917002,50.759878560423424,2709889.6,1.8232410648758528,0.0566222556968867,6668.TW,2026-09-16,0.0368574501260701,-0.0023331777549215,bull,0.0383536014967259,0.2151543498596819,2026-03-31,2026-05-15,266191000.0,30013000.0,-64011000.0,-65550000.0,476000.0,-66026000.0,-0.62,1253334000.0,833718000.0,3689403000.0,1550388000.0,2139015000.0,347154000.0,202579000.0,608736000.0,,0.0,-64011000.0,2855685000.0,-0.022415287400396,-0.0308674787226831,-0.0178961203208215,0.7248139914867358,0.1127498675762892,-0.240470188699092,-0.2480399412451961,0.2035801162927393,,,23.40057097773575,23.40057097773575,False,76.3287123093813,76.3287123093813,63.09667697646992,792.0,True,True,True,True,True,True,True,True,True,True,True,True,True,True,False,False,False,14,False,0.1403180915274295,0.1438532435488193,1.0,117067232.7874817,0.3021515434985968,1.0,3.0,,,,,,-0.050306868833445,-0.1564950403578419,0.1998210008959632,-1.8988294024189147,0.18875,-1.8988294024189147,0.2508952107279693,-792.0,0.3125,0.4,0.1625,0.29,0.3087499999999999,中揚光
295.5,306.0,290.0,304.0,5003813.0,0.0150250417362269,296.1,0.0704225352112675,284.15,0.1537001897533207,266.2916666666667,1.3807921883315522,231.0785466512044,0.0162732474964233,59.74025974025974,4571313.05,1.0946117549311134,0.0698574696463136,6672.TW,2026-09-16,0.0368574501260701,-0.0023331777549215,bull,0.1384471468662301,0.0804490177736202,2026-03-31,2026-05-15,1245827000.0,423777000.0,145352000.0,148482000.0,24894000.0,123588000.0,1.73,4606299000.0,1439948000.0,6456499000.0,2742865000.0,3713634000.0,1563255000.0,30000000.0,69263000.0,896840000.0,0.1676566856588677,120982765.42611226,5016551000.0,0.0241167219123481,0.0332795315855035,0.0191416431722517,0.7385932485538425,0.3401571807321562,0.1166710947828229,0.0992015745364324,0.2185628742514969,,,64.4879602565514,64.4879602565514,False,84.04553584491326,84.04553584491326,79.15614194782279,215.0,True,True,True,True,True,True,True,True,True,True,True,True,True,True,True,False,False,14,False,0.1416053825692378,0.3155699843433108,1.0,1389679167.2,0.0898035547240411,2.0,3.0,,,,,,-0.0240401152922679,-0.1425003738982042,0.3041380897625471,-1.483782903535465,0.4649999999999999,-1.483782903535465,0.4714348438062206,-215.0,0.7875,0.85,0.4625,0.7387499999999999,0.74125,騰輝電子-KY
69.0999984741211,71.5,66.0999984741211,67.0,2452699.0,0.0912051846083554,66.2,0.1037891129798309,62.74500007629395,0.0060060290547054,61.95427786509196,-0.1718170737170192,65.94797226587932,0.0180918377378319,62.9107962722712,756017.0,3.2442378941214285,0.0678141671612437,6689.TW,2026-09-16,0.0368574501260701,-0.0023331777549215,bull,0.09822263797942,0.2684752104770814,2026-03-31,2026-05-15,2999372000.0,296415000.0,27090000.0,40085000.0,5887000.0,35920000.0,0.53,5211395000.0,2968224000.0,6443388000.0,3197443000.0,3245945000.0,1354554000.0,111870000.0,108816000.0,,0.1468629163028564,23111483.59735562,3475164000.0,0.0066504727826818,0.0110661147986179,0.0055747069709289,0.9850576642549396,0.0988256875105855,0.0090318906757814,0.0119758402758977,-0.0624809135848389,,,19.00692107785916,19.00692107785916,False,78.86951422627047,78.86951422627047,63.903865939167645,865.0,True,True,True,True,True,True,True,True,True,True,True,True,False,True,False,False,False,13,False,0.0814426752886268,0.0159523894059891,1.0,50653139.0,0.3854069223573433,1.0,3.0,,,,,,-0.0280915529108852,-0.1025859415340237,0.1657549454525193,-1.801382358606623,0.2393749999999999,-1.801382358606623,0.3251763360169094,-865.0,0.2375,0.4375,0.225,0.235625,0.295,伊雲谷
114.5,124.0,113.5,120.0,5839082.0,0.0619469026548673,114.0,0.4354067247638378,112.97999992370606,0.2207527596597991,93.75349973042806,0.4580801403437733,97.67174975077312,0.0782592098298406,55.45454545454545,5839770.8,0.9998820501653936,0.0621348918484196,8103.TW,2026-09-16,0.0368574501260701,-0.0023331777549215,bull,0.0056127221702525,0.0514499532273152,2026-03-31,2026-05-15,910083000.0,345551000.0,129570000.0,118832000.0,28319000.0,90670000.0,1.17,4806255000.0,2292724000.0,6664637000.0,2807482000.0,3857155000.0,2444140000.0,830000000.0,60524000.0,,0.2383112292985054,98692014.01979265,4371913000.0,0.0225741029201158,0.0235069630336348,0.0136046419332365,0.7278634122818503,0.3796917424015172,0.1423716298403552,0.0996282756627692,0.2327956035203264,,,63.77372008138453,63.77372008138453,False,82.56166099662835,82.56166099662835,77.86467576781739,224.0,True,True,True,True,True,True,True,True,True,True,True,False,True,True,True,False,False,13,False,0.2799522187975831,0.2286049989500689,1.0,700772496.0,0.137511693171188,2.0,3.0,,,,,,0.0042031465627237,-0.091015356186288,0.2937162396266427,-1.4333530078834302,0.580625,-1.4333530078834302,0.5943971131558,-224.0,0.775,0.825,0.625,0.7525,0.76,瀚荃
13.949999809265137,14.0,13.899999618530272,14.0,119707.0,-0.0106006800405731,13.989999771118164,0.018181818181818,13.949999952316285,0.0071942722456206,13.922499974568684,-0.0996784676349006,14.201666609446209,0.0025152637407043,58.82352281193055,179037.6,0.6686137437052329,0.0035842328211199,9919.TW,2026-09-16,0.0368574501260701,-0.0023331777549215,bull,0.2862488306828812,0.2628624883068288,2026-03-31,2026-05-15,677599000.0,65342000.0,-103074000.0,-99596000.0,1098000.0,-100694000.0,-0.52,2663204000.0,1270417000.0,5921611000.0,3906017000.0,2015594000.0,1209688000.0,263566000.0,2513087000.0,,0.0,-103074000.0,4651194000.0,-0.0221607613012916,-0.0499574815166149,-0.0170044942161854,1.9378987038064213,0.0964316653359878,-0.1521165172912002,-0.1486041154133934,-7.526009001701528e-05,,,9.188324288814623,9.188324288814623,False,67.72135095352567,67.72135095352567,53.08809428734791,1036.0,True,False,True,True,True,True,True,True,False,True,True,True,False,True,False,False,False,11,False,0.0055665308366226,-0.0142002072708896,0.0,2506526.4,0.7970065481758652,0.0,3.0,,,,,,-0.0004987538117473,-0.0352008780514911,0.1684463222411915,-1.3509777485378274,0.49875,-1.3509777485378274,0.3139441286884385,-1036.0,0.075,0.0625,0.2125,0.095625,0.09875,康那香
26.600000381469727,27.5,26.0,27.200000762939453,761973.0,0.0206379419242748,26.950000381469728,0.3366093490448869,24.08000011444092,0.274004696812423,22.0525000890096,0.1380753638945917,22.599166774749754,0.0718896084178456,72.63681903628608,690575.1,1.1033890448699932,0.1295681326275182,6885.TW,2026-09-16,0.0368574501260701,-0.0023331777549215,bull,0.0121608980355472,0.0383536014967259,2026-03-31,2026-05-15,2823000.0,-320000.0,-83470000.0,-75995000.0,,-65328000.0,-0.5,1123451000.0,41113000.0,1728169000.0,47111000.0,1681058000.0,283632000.0,,5968000.0,,,-66776000.0,1687056000.0,-0.0395813772631139,-0.038861240956588,-0.0378018584987926,0.028024613071054,-0.1133545873184555,,,27.23,,,33.33333333333333,33.33333333333333,False,84.53790839543204,84.53790839543204,71.73676462990736,615.0,True,True,True,True,True,True,True,False,True,True,True,True,True,True,False,False,False,13,False,0.2334202767556152,0.2035842309606852,1.0,18783643.24686699,0.5219831618334893,0.0,3.0,,,,,,-0.0571578805502636,-0.1377835590389796,0.0937755668336755,-1.9153457067820592,0.116875,-1.9153457067820592,0.3986103605751171,-615.0,0.45,0.7,0.3,0.4275,0.495,全福生技
281.0,295.0,280.0,290.0,394754.0,-0.0034364261168384,287.1,0.0943396226415094,281.15,0.0603290676416818,272.205788675944,0.0740740740740741,283.06122767130535,0.0082481620943157,54.59183673469388,450115.8,0.8770054283808745,0.0314778587942381,6937.TW,2026-09-16,0.0368574501260701,-0.0023331777549215,bull,0.108512628624883,0.1543498596819457,2026-03-31,2026-05-15,582447000.0,243295000.0,75551000.0,79509000.0,17753000.0,64817000.0,0.96,2979355000.0,819804000.0,4523134000.0,1044661000.0,3478473000.0,472664000.0,71200000.0,178118000.0,,0.2232828987913317,58681753.71341609,3703330000.0,0.0158456723309605,0.0186337510741063,0.0143301082833274,0.3003217216290021,0.4177118261404042,0.1297130897746919,0.1112839451486573,0.2629110526156022,,,64.73082411847425,64.73082411847425,False,73.38884814282902,73.38884814282902,71.22434213674032,213.0,True,False,True,True,True,True,True,True,True,True,True,True,True,True,True,False,False,13,False,0.0653704368691427,0.0245133266246977,1.0,130533582.0,0.2881197380729653,2.0,3.0,,,,,,-0.0306603554562452,-0.0945577622603349,0.1730898232347729,-1.8426564980087463,0.24125,-1.8426564980087463,0.2428422547985266,-213.0,0.8,0.6625,0.15,0.7025,0.62875,天虹
38.79999923706055,39.0,38.04999923706055,39.0,17000.0,0.002570654760889,38.8,0.0641200102668955,38.16750011444092,0.0863509287565469,36.740833346048994,-0.0076335685212339,37.086666647593184,0.0099226036611615,61.99999847412226,11051.05,1.538315363698472,0.0218117477713479,6952.TW,2026-09-16,0.0368574501260701,-0.0023331777549215,bull,0.1487371375116931,0.1253507951356408,2026-03-31,2026-05-15,561789000.0,116089000.0,26679000.0,24997000.0,5359000.0,21318000.0,0.32,666816000.0,1099448000.0,3770458000.0,1979405000.0,1791053000.0,133118000.0,355000000.0,864179000.0,,0.2143857262871544,20959403.20838501,2671010000.0,0.0078469954093713,0.0119024953477088,0.0056539550367621,1.1051627171278573,0.206641639476743,0.047489359884227,0.0379466312085142,1.5078410627954626,,,38.46602708214458,38.46602708214458,False,82.59661359233304,82.59661359233304,71.56396696478593,542.0,True,True,True,True,True,True,True,True,True,True,True,True,True,True,False,False,False,14,False,0.0614892599923553,0.0515908687773907,1.0,430990.95,0.9644527595884004,1.0,3.0,,,,,,0.0419054866392001,-0.0028500243401258,0.2408241589919263,-1.150458612231005,0.75875,-1.150458612231005,0.7322269137866965,-542.0,0.5375,0.675,0.775,0.573125,0.62625,大武山
237.0,244.5,233.0,240.0,667308.0,0.0983981693363844,229.7,0.0810810810810811,224.55,0.0738255033557047,224.08333333333331,0.1296509751784955,226.777645111084,0.0058230683090706,65.93406593406593,193428.3,3.449898489517821,0.0688042752171007,7765.TW,2026-09-16,0.0368574501260701,-0.0023331777549215,bull,0.1253507951356408,0.1356407857811038,2026-03-31,2026-05-15,597577000.0,292990000.0,164586000.0,171875000.0,34375000.0,,3.38,2567338000.0,682012000.0,2932327000.0,735621000.0,2196706000.0,1288943000.0,,,,0.2,131668800.0,2250315000.0,0.0585112750881543,,,0.3348745803944633,0.4902966479633587,0.2754222468401561,,0.1576036527132864,,,92.62185241052016,92.62185241052016,False,78.09985062053276,78.09985062053276,81.7303510680296,25.0,True,True,True,True,True,True,True,True,True,True,True,True,False,True,True,False,False,13,False,0.0710301227222014,0.0583053716888155,1.0,46422792.0,0.3947614593077642,2.0,1.0,,,,,,0.0767566726291731,-0.0104733242318668,0.2649270680982845,-1.8392244454624287,0.704375,-1.8392244454624287,0.9054949413270714,-25.0,0.9875,0.9375,0.975,0.985625,0.97,中華資安
128.0,135.0,128.0,135.0,54589.0,0.1027831333771089,133.17122955322264,0.1790393013100437,120.55500030517578,0.0975609756097561,115.73436546325684,0.6749379969696347,116.41551615397135,0.0400545211980882,67.88990825688074,52772.8,1.0344154564472607,0.1198208258326722,6924.TW,2026-09-16,0.0368574501260701,-0.0023331777549215,bull,0.0505144995322731,0.117867165575304,2026-03-31,2026-05-15,472287000.0,125017000.0,59395000.0,58845000.0,12219000.0,46626000.0,2.26,1163404000.0,693313000.0,1234297000.0,714916000.0,519381000.0,449993000.0,42370000.0,,,0.2076472087687993,47061794.03517717,540984000.0,0.0869929499489396,0.0897722481184332,0.0377753490448409,1.3764769985810033,0.2647055709769695,0.1257603956916027,0.0987238691727699,0.0634867021096932,,,72.40238100150462,72.40238100150462,True,83.15429654567602,83.15429654567602,80.46631765963318,142.0,True,True,True,True,True,True,True,True,True,True,False,True,True,True,True,True,False,13,False,0.1664642516475332,0.159639234184632,1.0,7124328.0,0.646398503274088,2.0,3.0,,,,,,-0.0020574495370696,-0.0930695417086222,0.2901717890415565,-0.3853892879997292,0.6168750000000001,-0.3853892879997292,0.724206393512553,-142.0,0.8875,0.875,0.7625,0.8687499999999999,0.85875,榮惠-KY創
472.0,514.0,472.0,514.0,1414957.0,-0.1573770491803279,516.2,0.0489795918367346,538.65,0.516969949538368,406.9705602010091,0.8880857490305525,379.339134089152,0.0151236749116607,52.02312138728324,1722659.5,0.8213793846085079,-0.0457625545344843,7711.TW,2026-09-16,0.0368574501260701,-0.0023331777549215,bull,0.1702525724976613,0.0121608980355472,2026-03-31,2026-05-15,8891334000.0,1101342000.0,694694000.0,674736000.0,134950000.0,539786000.0,7.68,12044114000.0,7539833000.0,12300864000.0,7550202000.0,4750662000.0,3138201000.0,0.0,,,0.2000041497711697,555752317.178867,4761031000.0,0.116729405286138,0.1136233223917003,0.0438819582104151,1.589294713031573,0.1238669023118465,0.0781315829548187,0.0607092254098203,,,,65.22713046197059,65.22713046197059,True,69.61409080449619,69.61409080449619,68.51735071886479,208.0,True,False,True,True,False,True,True,True,True,True,True,True,True,True,True,True,False,12,False,0.2629906196313742,0.3549880669026888,1.0,885446983.0,0.1141253507951356,3.0,3.0,,,,,,0.0614738855737723,0.0164326695208857,0.4174789264682608,0.7345068565192076,0.96875,0.7345068565192076,0.840554197347813,-208.0,0.8125,0.575,0.8875,0.82375,0.75625,永擎
